{
  "version": 1,
  "width": 81,
  "height": 25,
  "duration": 20.771372,
  "command": null,
  "title": null,
  "env": {
    "TERM": "xterm-256color",
    "SHELL": "/usr/local/bin/bash"
  },
  "stdout": [
    [
      1.196313,
      "\u001b[92m\u001b[1mHulk Bash!\u001b(B\u001b[m\u001b[38;5;202m✶\u001b(B\u001b[m  "
    ],
    [
      0.867786,
      "c"
    ],
    [
      0.151468,
      "o"
    ],
    [
      0.136053,
      "m"
    ],
    [
      0.241717,
      "p"
    ],
    [
      0.422538,
      "g"
    ],
    [
      0.135761,
      "e"
    ],
    [
      0.335941,
      "n"
    ],
    [
      0.344321,
      " "
    ],
    [
      0.231985,
      "-"
    ],
    [
      0.263801,
      "c"
    ],
    [
      0.151665,
      " "
    ],
    [
      0.384263,
      "|"
    ],
    [
      0.535942,
      " "
    ],
    [
      0.208323,
      "l"
    ],
    [
      0.383802,
      "e"
    ],
    [
      0.247861,
      "s"
    ],
    [
      0.184196,
      "s"
    ],
    [
      0.736549,
      "\r\n"
    ],
    [
      0.017196,
      "\u001b[?1049h\u001b[?1h\u001b=\r"
    ],
    [
      0.010041,
      "ae\r\nar\r\ncdb\r\ncl\r\nco\r\ndf\r\ndu\r\nga\r\ngam\r\ngb\r\ngbb\r\ngbd\r\ngbg\r\ngbi\r\ngcb\r\ngci\r\ngcim\r\ngcln\r\ngclndf\r\ngclndfx\r\ngcm\r\ngco\r\ngcp\r\ngd\r\n:\u001b[K"
    ],
    [
      1.227695,
      "\r\u001b[Kgdc\r\n:\u001b[K"
    ],
    [
      0.256929,
      "\r\u001b[Kgf\r\n:\u001b[K"
    ],
    [
      0.034173,
      "\r\u001b[K"
    ],
    [
      1.8e-05,
      "gfch\r\n:\u001b[K"
    ],
    [
      0.034493,
      "\r\u001b[Kggrc\r\n:\u001b[K"
    ],
    [
      0.038394,
      "\r\u001b[Kgho\r\n:\u001b[K"
    ],
    [
      0.035924,
      "\r\u001b[Kgi\r\n:\u001b[K"
    ],
    [
      0.031926,
      "\r\u001b[Kgl\r\n:\u001b[K"
    ],
    [
      0.320802,
      "\r\u001b[Kglg\r\n:\u001b[K"
    ],
    [
      0.252061,
      "\r\u001b[K"
    ],
    [
      1.8e-05,
      "glog\r\n:\u001b[K"
    ],
    [
      0.038514,
      "\r\u001b[Kgm\r\n:\u001b[K"
    ],
    [
      0.037565,
      "\r\u001b[Kgms\r\n:\u001b[K"
    ],
    [
      0.034704,
      "\r\u001b[Kgnb\r\n:\u001b[K"
    ],
    [
      0.036024,
      "\r\u001b[Kgpl\r\n:\u001b[K"
    ],
    [
      0.036983,
      "\r\u001b[Kgplr\r\n:\u001b[K"
    ],
    [
      0.035995,
      "\r\u001b[Kgpm\r\n:\u001b[K"
    ],
    [
      0.031655,
      "\r\u001b[K"
    ],
    [
      1.8e-05,
      "gps\r\n:\u001b[K"
    ],
    [
      0.231845,
      "\r\u001b[Kgpsh\r\n:\u001b[K"
    ],
    [
      0.254438,
      "\r\u001b[K"
    ],
    [
      2e-05,
      "gpub\r\n:\u001b[K"
    ],
    [
      0.038069,
      "\r\u001b[K"
    ],
    [
      1.8e-05,
      "gr\r\n:\u001b[K"
    ],
    [
      0.034935,
      "\r\u001b[Kgra\r\n:\u001b[K"
    ],
    [
      0.036929,
      "\r\u001b[Kgrad\r\n:\u001b[K"
    ],
    [
      0.035995,
      "\r\u001b[Kgrr\r\n:\u001b[K"
    ],
    [
      0.037858,
      "\r\u001b[Kgrs\r\n:\u001b[K"
    ],
    [
      0.037616,
      "\r\u001b[Kgrsh\r\n:\u001b[K"
    ],
    [
      0.035158,
      "\r\u001b[Kgrv\r\n:\u001b[K"
    ],
    [
      0.033475,
      "\r\u001b[K"
    ],
    [
      1.8e-05,
      "gs\r\n:\u001b[K"
    ],
    [
      0.255726,
      "\r\u001b[Kgsa\r\n:\u001b[K"
    ],
    [
      0.254857,
      "\r\u001b[Kgsh\r\n:\u001b[K"
    ],
    [
      0.038358,
      "\r\u001b[Kgshow\r\n:\u001b[K"
    ],
    [
      0.031676,
      "\r\u001b[Kgshw\r\n:\u001b[K"
    ],
    [
      0.036667,
      "\r\u001b[Kgsm\r\n:\u001b[K"
    ],
    [
      0.031553,
      "\r\u001b[Kgsmi\r\n:\u001b[K"
    ],
    [
      0.041202,
      "\r\u001b[Kgsmu\r\n:\u001b[K"
    ],
    [
      0.030418,
      "\r\u001b[Kgsp\r\n:\u001b[K"
    ],
    [
      0.033276,
      "\r\u001b[Kgst\r\n:\u001b[K"
    ],
    [
      0.038123,
      "\r\u001b[Kgstsh\r\n:\u001b[K"
    ],
    [
      0.280058,
      "\r\u001b[Kgt\r\n:\u001b[K"
    ],
    [
      0.253419,
      "\r\u001b[Kgtr\r\n:\u001b[K"
    ],
    [
      0.034524,
      "\r\u001b[Kgum\r\n:\u001b[K"
    ],
    [
      0.033732,
      "\r\u001b[Kgunc\r\n:\u001b[K"
    ],
    [
      0.037678,
      "\r\u001b[Kguns\r\n:\u001b[K"
    ],
    [
      0.033156,
      "\r\u001b[Kgz\r\n:\u001b[K"
    ],
    [
      0.036345,
      "\r\u001b[Kk9\r\n:\u001b[K"
    ],
    [
      0.041148,
      "\r\u001b[Kka9\r\n:\u001b[K"
    ],
    [
      0.345593,
      "\r\u001b[Kl\r\n:\u001b[K"
    ],
    [
      0.252971,
      "\r\u001b[Klds\r\n:\u001b[K"
    ],
    [
      0.037387,
      "\r\u001b[Kless\r\n:\u001b[K"
    ],
    [
      0.037288,
      "\r\u001b[Klh\r\n:\u001b[K"
    ],
    [
      0.034747,
      "\r\u001b[Kll\r\n:\u001b[K"
    ],
    [
      0.040876,
      "\r\u001b[Kls\r\n:\u001b[K"
    ],
    [
      0.030504,
      "\r\u001b[Klsg\r\n:\u001b[K"
    ],
    [
      0.034212,
      "\r\u001b[Kportforward\r\n:\u001b[K"
    ],
    [
      0.03517,
      "\r\u001b[Kpsa\r\n:\u001b[K"
    ],
    [
      0.035869,
      "\r\u001b[Kpsg\r\n:\u001b[K"
    ],
    [
      0.034232,
      "\r\u001b[Krepopath\r\n:\u001b[K"
    ],
    [
      0.038601,
      "\r\u001b[Ksha\r\n:\u001b[K"
    ],
    [
      0.363944,
      "\r\u001b[Ktf\r\n:\u001b[K"
    ],
    [
      0.251523,
      "\r\u001b[K"
    ],
    [
      1.8e-05,
      "up2\r\n:\u001b[K"
    ],
    [
      0.034132,
      "\r\u001b[Kup3\r\n:\u001b[K"
    ],
    [
      0.042093,
      "\r\u001b[Kif\r\n:\u001b[K"
    ],
    [
      0.032165,
      "\r\u001b[Kthen\r\n:\u001b[K"
    ],
    [
      0.035122,
      "\r\u001b[Kelse\r\n:\u001b[K"
    ],
    [
      0.035961,
      "\r\u001b[Kelif\r\n:\u001b[K"
    ],
    [
      0.037419,
      "\r\u001b[K"
    ],
    [
      3.2e-05,
      "fi\r\n:\u001b[K"
    ],
    [
      0.451381,
      "\r\u001b[Kcase\r\n:\u001b[K"
    ],
    [
      0.252804,
      "\r\u001b[K"
    ],
    [
      6e-05,
      "esac\r\n:\u001b[K"
    ],
    [
      0.037276,
      "\r\u001b[Kfor\r\n:\u001b[K"
    ],
    [
      0.036018,
      "\r\u001b[K"
    ],
    [
      1.7e-05,
      "select\r\n:\u001b[K"
    ],
    [
      0.035483,
      "\r\u001b[Kwhile\r\n:\u001b[K"
    ],
    [
      0.036563,
      "\r\u001b[Kuntil\r\n:\u001b[K"
    ],
    [
      0.03265,
      "\r\u001b[Kdo\r\n:\u001b[K"
    ],
    [
      0.036231,
      "\r\u001b[Kdone\r\n:\u001b[K"
    ],
    [
      0.4691,
      "\r\u001b[Kin\r\n:\u001b[K"
    ],
    [
      0.265624,
      "\r\u001b[Kfunction\r\n:\u001b[K"
    ],
    [
      0.024541,
      "\r\u001b[Ktime\r\n:\u001b[K"
    ],
    [
      0.038802,
      "\r\u001b[K"
    ],
    [
      2.3e-05,
      "{\r\n:\u001b[K"
    ],
    [
      0.033889,
      "\r\u001b[K}\r\n:\u001b[K"
    ],
    [
      0.037604,
      "\r\u001b[K!\r\n:\u001b[K"
    ],
    [
      0.495661,
      "\r\u001b[K[[\r\n:\u001b[K"
    ],
    [
      0.255676,
      "\r\u001b[K]]\r\n:\u001b[K"
    ],
    [
      0.036693,
      "\r\u001b[Kcoproc\r\n:\u001b[K"
    ],
    [
      0.036383,
      "\r\u001b[K__brew_complete_formulae\r\n:\u001b[K"
    ],
    [
      0.037456,
      "\r\u001b[K__brew_complete_installed\r\n:\u001b[K"
    ],
    [
      0.033603,
      "\r\u001b[K__brew_complete_logs\r\n:\u001b[K"
    ],
    [
      0.033492,
      "\r\u001b[K__brew_complete_outdated\r\n:\u001b[K"
    ],
    [
      0.74279,
      "\r\u001b[K__brew_complete_tapped\r\n:\u001b[K"
    ],
    [
      0.255301,
      "\r\u001b[K__brew_complete_versions\r\n:\u001b[K"
    ],
    [
      0.035379,
      "\r\u001b[K__brewcomp\r\n:\u001b[K"
    ],
    [
      0.033279,
      "\r\u001b[K__brewcomp_prev\r\n:\u001b[K"
    ],
    [
      0.036345,
      "\r\u001b[K__brewcomp_words_include\r\n:\u001b[K"
    ],
    [
      0.039182,
      "\r\u001b[K__expand_tilde_by_ref\r\n:\u001b[K"
    ],
    [
      0.448307,
      "\r\u001b[K__get_cword_at_cursor_by_ref\r\n:\u001b[K"
    ],
    [
      0.254539,
      "\r\u001b[K__git_aliased_command\r\n:\u001b[K"
    ],
    [
      0.035481,
      "\r\u001b[K__git_aliases\r\n:\u001b[K"
    ],
    [
