{
  "version": 1,
  "width": 81,
  "height": 25,
  "duration": 25.220889,
  "command": null,
  "title": null,
  "env": {
    "TERM": "xterm-256color",
    "SHELL": "/usr/local/bin/bash"
  },
  "stdout": [
    [
      1.2756,
      "\u001b[92m\u001b[1mHulk Bash!\u001b(B\u001b[m\u001b[38;5;202m✶\u001b(B\u001b[m  "
    ],
    [
      0.790706,
      "n"
    ],
    [
      0.199992,
      "o"
    ],
    [
      0.103729,
      "d"
    ],
    [
      0.17604,
      "e"
    ],
    [
      0.57615,
      "\r\n"
    ],
    [
      0.073741,
      "\u001b[1G"
    ],
    [
      0.000697,
      "\u001b[0J"
    ],
    [
      0.000205,
      "> \u001b[3G"
    ],
    [
      1.150916,
      "1"
    ],
    [
      0.43094,
      " "
    ],
    [
      0.296019,
      "+"
    ],
    [
      0.255212,
      " "
    ],
    [
      0.632038,
      "1"
    ],
    [
      0.696297,
      "\r\r\n"
    ],
    [
      0.003998,
      "\u001b[33m2\u001b[39m\r\n"
    ],
    [
      7e-05,
      "\u001b[1G\u001b[0J> "
    ],
    [
      1.6e-05,
      "\u001b[3G"
    ],
    [
      1.667601,
      "\r\r\n"
    ],
    [
      0.000251,
      "(To exit, press ^C again or type .exit)\r\n"
    ],
    [
      0.000141,
      "\u001b[1G\u001b[0J> \u001b[3G"
    ],
    [
      1.319331,
      "\r\r\n"
    ],
    [
      0.005805,
      "\u001b[92m\u001b[1mHulk Bash!\u001b(B\u001b[m\u001b[38;5;202m✶\u001b(B\u001b[m  "
    ],
    [
      6.37733,
      "^G"
    ],
    [
      3.200472,
      "\r\n"
    ],
    [
      0.000894,
      "bash: $'\\a': command not found\r\n"
    ],
    [
      0.00242,
      "\u001b[92m\u001b[1mHulk Bash!\u001b(B\u001b[m\u001b[38;5;202m✶\u001b(B\u001b[m  "
    ],
    [
      2.748448,
      "e"
    ],
    [
      0.25623,
      "c"
    ],
    [
      0.120139,
      "h"
    ],
    [
      0.135291,
      "o"
    ],
    [
      0.199901,
      " "
    ],
    [
      1.200684,
      "^G"
    ],
    [
      1.320034,
      "\r\n"
    ],
    [
      0.000126,
      "\u0007\r\n"
    ],
    [
      0.002166,
      "\u001b[92m\u001b[1mHulk Bash!\u001b(B\u001b[m\u001b[38;5;202m✶\u001b(B\u001b[m  "
    ]
  ]
}