{
  "version": 1,
  "width": 80,
  "height": 25,
  "duration": 25.50307,
  "command": null,
  "title": null,
  "env": {
    "TERM": "xterm-256color",
    "SHELL": "/usr/local/bin/bash"
  },
  "stdout": [
    [
      1.118594,
      "\u001b[92m\u001b[1mHulk Bash!\u001b(B\u001b[m\u001b[38;5;202m✶\u001b(B\u001b[m  "
    ],
    [
      0.59719,
      "e"
    ],
    [
      0.256486,
      "c"
    ],
    [
      0.127795,
      "h"
    ],
    [
      0.095421,
      "o"
    ],
    [
      0.160219,
      " "
    ],
    [
      0.359807,
      "\""
    ],
    [
      0.368273,
      "W"
    ],
    [
      0.224231,
      "h"
    ],
    [
      0.087765,
      "a"
    ],
    [
      0.128056,
      "t"
    ],
    [
      0.16782,
      " "
    ],
    [
      0.104227,
      "i"
    ],
    [
      0.120663,
      "s"
    ],
    [
      0.094842,
      " "
    ],
    [
      0.080221,
      "t"
    ],
    [
      0.080233,
      "h"
    ],
    [
      0.064549,
      "e"
    ],
    [
      0.095471,
      " "
    ],
    [
      0.095926,
      "a"
    ],
    [
      0.416136,
      "v"
    ],
    [
      0.263789,
      "e"
    ],
    [
      0.063737,
      "r"
    ],
    [
      0.191939,
      "a"
    ],
    [
      0.152403,
      "g"
    ],
    [
      0.127622,
      "e"
    ],
    [
      0.120371,
      " "
    ],
    [
      0.127634,
      "a"
    ],
    [
      0.136379,
      "i"
    ],
    [
      0.151785,
      "r"
    ],
    [
      0.232186,
      " "
    ],
    [
      0.207936,
      "s"
    ],
    [
      0.120253,
      "p"
    ],
    [
      0.143784,
      "e"
    ],
    [
      0.200025,
      "e"
    ],
    [
      0.271913,
      "d"
    ],
    [
      0.176036,
      " "
    ],
    [
      0.15304,
      "o"
    ],
    [
      0.110894,
      "f"
    ],
    [
      0.088093,
      " "
    ],
    [
      0.128067,
      "a"
    ],
    [
      0.095975,
      " "
    ],
    [
      0.183901,
      "l"
    ],
    [
      0.175878,
      "a"
    ],
    [
      0.160111,
      "d"
    ],
    [
      0.19171,
      "e"
    ],
    [
      0.128299,
      "n"
    ],
    [
      0.11998,
      " "
    ],
    [
      0.159987,
      "s"
    ],
    [
      0.67213,
      "w"
    ],
    [
      0.295906,
      "a"
    ],
    [
      0.152098,
      "l"
    ],
    [
      0.167832,
      "l"
    ],
    [
      0.216296,
      "o"
    ],
    [
      0.168176,
      "w"
    ],
    [
      1.271648,
      "?"
    ],
    [
      0.424022,
      "\""
    ],
    [
      0.751663,
      ";"
    ],
    [
      0.167505,
      " "
    ],
    [
      0.176157,
      "r"
    ],
    [
      0.047966,
      "e"
    ],
    [
      0.151944,
      "a"
    ],
    [
      0.248132,
      "d"
    ],
    [
      1.408227,
      ";"
    ],
    [
      0.19196,
      " "
    ],
    [
      0.168104,
      "e"
    ],
    [
      0.200159,
      "c"
    ],
    [
      0.079925,
      "h \r"
    ],
    [
      0.088124,
      "o"
    ],
    [
      0.223781,
      " "
    ],
    [
      1.392,
      "$"
    ],
    [
      0.263941,
      "R"
    ],
    [
      0.296426,
      "E"
    ],
    [
      0.455452,
      "P"
    ],
    [
      0.231977,
      "L"
    ],
    [
      0.576193,
      "Y"
    ],
    [
      0.567906,
      "\r\n"
    ],
    [
      0.000156,
      "What is the average air speed of a laden swallow?\r\n"
    ],
    [
      1.479687,
      "1"
    ],
    [
      0.19195,
      "1"
    ],
    [
      0.143806,
      " "
    ],
    [
      0.176141,
      "m"
    ],
    [
      0.14393,
      "e"
    ],
    [
      0.271788,
      "t"
    ],
    [
      0.144339,
      "e"
    ],
    [
      0.087755,
      "r"
    ],
    [
      0.17611,
      "s"
    ],
    [
      0.208026,
      " "
    ],
    [
      0.168028,
      "p"
    ],
    [
      0.175659,
      "e"
    ],
    [
      0.06441,
      "r"
    ],
    [
      0.30424,
      " "
    ],
    [
      0.151242,
      "s"
    ],
    [
      0.175933,
      "e"
    ],
    [
      0.21633,
      "c"
    ],
    [
      0.104089,
      "o"
    ],
    [
      0.071992,
      "n"
    ],
    [
      0.136036,
      "d"
    ],
    [
      0.624248,
      "\r\n"
    ],
    [
      9.3e-05,
      "11 meters per second\r\n"
    ],
    [
      0.002465,
      "\u001b[92m\u001b[1mHulk Bash!\u001b(B\u001b[m\u001b[38;5;202m✶\u001b(B\u001b[m  "
    ]
  ]
}