{
  "version": 1,
  "width": 80,
  "height": 25,
  "duration": 24.92989,
  "command": null,
  "title": null,
  "env": {
    "TERM": "xterm-256color",
    "SHELL": "/usr/local/bin/bash"
  },
  "stdout": [
    [
      1.199725,
      "\u001b[92m\u001b[1mHulk Bash!\u001b(B\u001b[m\u001b[38;5;202m✶\u001b(B\u001b[m  "
    ],
    [
      0.4647,
      "d"
    ],
    [
      0.134385,
      "a"
    ],
    [
      0.17643,
      "v"
    ],
    [
      0.231753,
      "i"
    ],
    [
      0.272029,
      "d"
    ],
    [
      0.352189,
      "_"
    ],
    [
      0.199553,
      "b"
    ],
    [
      0.08828,
      "a"
    ],
    [
      0.11972,
      "n"
    ],
    [
      0.159965,
      "n"
    ],
    [
      0.079913,
      "e"
    ],
    [
      0.104079,
      "r"
    ],
    [
      0.808018,
      "="
    ],
    [
      0.496701,
      "\""
    ],
    [
      0.22392,
      "m"
    ],
    [
      0.18357,
      "i"
    ],
    [
      0.184468,
      "l"
    ],
    [
      0.104022,
      "d"
    ],
    [
      0.23954,
      " "
    ],
    [
      0.160451,
      "m"
    ],
    [
      0.103934,
      "a"
    ],
    [
      0.111804,
      "n"
    ],
    [
      0.159378,
      "n"
    ],
    [
      0.080474,
      "e"
    ],
    [
      0.096572,
      "r"
    ],
    [
      0.119775,
      "e"
    ],
    [
      0.231958,
      "d"
    ],
    [
      0.407754,
      "\""
    ],
    [
      0.711873,
      "\r\n"
    ],
    [
      0.002439,
      "\u001b[92m\u001b[1mHulk Bash!\u001b(B\u001b[m\u001b[38;5;202m✶\u001b(B\u001b[m  "
    ],
    [
      1.32574,
      "("
    ],
    [
      0.21569,
      "d"
    ],
    [
      0.136757,
      "a"
    ],
    [
      0.19932,
      "v"
    ],
    [
      0.34417,
      "i"
    ],
    [
      0.151828,
      "d"
    ],
    [
      0.34444,
      "_"
    ],
    [
      0.391241,
      "b"
    ],
    [
      0.144274,
      "a"
    ],
    [
      0.095675,
      "n"
    ],
    [
      0.183913,
      "n"
    ],
    [
      0.079991,
      "e"
    ],
    [
      0.087966,
      "r"
    ],
    [
      0.512207,
      "="
    ],
    [
      0.216584,
      "h"
    ],
    [
      0.215685,
      "u"
    ],
    [
      0.160197,
      "l"
    ],
    [
      0.256412,
      "k"
    ],
    [
      0.407486,
      ";"
    ],
    [
      0.167813,
      " "
    ],
    [
      0.175793,
      "e"
    ],
    [
      0.216545,
      "c"
    ],
    [
      0.07986,
      "h"
    ],
    [
      0.112025,
      "o"
    ],
    [
      0.39169,
      " "
    ],
    [
      0.400205,
      "$"
    ],
    [
      0.295951,
      "d"
    ],
    [
      0.144379,
      "a"
    ],
    [
      0.199703,
      "v"
    ],
    [
      0.151918,
      "i"
    ],
    [
      0.104113,
      "d"
    ],
    [
      0.183838,
      "e"
    ],
    [
      0.639878,
      "\b\u001b[K"
    ],
    [
      0.280406,
      "_"
    ],
    [
      0.247477,
      "b"
    ],
    [
      0.128228,
      "a"
    ],
    [
      0.103798,
      "n"
    ],
    [
      0.144239,
      "n"
    ],
    [
      0.07196,
      "e"
    ],
    [
      0.112045,
      "r"
    ],
    [
      0.527499,
      ")"
    ],
    [
      0.648346,
      "\r\n"
    ],
    [
      0.001033,
      "hulk\r\n"
    ],
    [
      0.002972,
      "\u001b[92m\u001b[1mHulk Bash!\u001b(B\u001b[m\u001b[38;5;202m✶\u001b(B\u001b[m  "
    ],
    [
      1.476279,
      "e"
    ],
    [
      0.200349,
      "c"
    ],
    [
      0.111234,
      "h"
    ],
    [
      0.088138,
      "o"
    ],
    [
      0.207499,
      " "
    ],
    [
      0.447882,
      "$"
    ],
    [
      0.273449,
      "d"
    ],
    [
      0.126962,
      "a"
    ],
    [
      0.160526,
      "v"
    ],
    [
      0.175676,
      "i"
    ],
    [
      0.151776,
      "d"
    ],
    [
      0.312074,
      "_"
    ],
    [
      1.231793,
      "b"
    ],
    [
      0.120198,
      "a"
    ],
    [
      0.128166,
      "n"
    ],
    [
      0.159765,
      "n"
    ],
    [
      0.143848,
      "e"
    ],
    [
      0.079816,
      "r"
    ],
    [
      0.320144,
      "\r\n"
    ],
    [
      0.000131,
      "mild mannered\r\n"
    ],
    [
      0.002236,
      "\u001b[92m\u001b[1mHulk Bash!\u001b(B\u001b[m\u001b[38;5;202m✶\u001b(B\u001b[m  "
    ]
  ]
}