{
  "version": 1,
  "width": 80,
  "height": 25,
  "duration": 43.820841,
  "command": null,
  "title": null,
  "env": {
    "TERM": "xterm-256color",
    "SHELL": "/usr/local/bin/bash"
  },
  "stdout": [
    [
      1.252498,
      "\u001b[92m\u001b[1mHulk Bash!\u001b(B\u001b[m\u001b[38;5;202m✶\u001b(B\u001b[m  "
    ],
    [
      0.935437,
      "g"
    ],
    [
      0.21588,
      "r"
    ],
    [
      0.088017,
      "e"
    ],
    [
      0.31367,
      "p"
    ],
    [
      0.182112,
      " "
    ],
    [
      0.168158,
      "n"
    ],
    [
      0.104066,
      "e"
    ],
    [
      0.176001,
      "e"
    ],
    [
      0.312049,
      "d"
    ],
    [
      0.175897,
      "l"
    ],
    [
      0.160027,
      "e"
    ],
    [
      0.215672,
      " "
    ],
    [
      0.264825,
      "\""
    ],
    [
      0.239071,
      "n"
    ],
    [
      0.136016,
      "o"
    ],
    [
      0.07995,
      "n"
    ],
    [
      0.256426,
      "e"
    ],
    [
      0.215853,
      "x"
    ],
    [
      0.152183,
      "i"
    ],
    [
      0.152442,
      "s"
    ],
    [
      0.135499,
      "t"
    ],
    [
      0.112161,
      "e"
    ],
    [
      0.13567,
      "n"
    ],
    [
      0.415713,
      "t"
    ],
    [
      0.264337,
      " "
    ],
    [
      0.160129,
      "h"
    ],
    [
      0.111931,
      "a"
    ],
    [
      0.335757,
      "y"
    ],
    [
      0.368213,
      "s"
    ],
    [
      0.135919,
      "t"
    ],
    [
      0.15992,
      "a"
    ],
    [
      0.496074,
      "c"
    ],
    [
      0.184075,
      "k"
    ],
    [
      0.368337,
      "\""
    ],
    [
      1.071546,
      "\r\n"
    ],
    [
      0.003577,
      "grep: nonexistent haystack: No such file or directory\r\n"
    ],
    [
      0.001195,
      "\u001b[92m\u001b[1mHulk Bash!\u001b(B\u001b[m\u001b[38;5;202m✶\u001b(B\u001b[m  "
    ],
    [
      1.211208,
      "e"
    ],
    [
      0.215946,
      "c"
    ],
    [
      0.184721,
      "h"
    ],
    [
      0.063519,
      "o"
    ],
    [
      0.207938,
      " "
    ],
    [
      0.399779,
      "$"
    ],
    [
      0.391635,
      "?"
    ],
    [
      0.312506,
      "\r\n"
    ],
    [
      0.000129,
      "2\r\n"
    ],
    [
      0.002723,
      "\u001b[92m\u001b[1mHulk Bash!\u001b(B\u001b[m\u001b[38;5;202m✶\u001b(B\u001b[m  "
    ],
    [
      1.676913,
      "i"
    ],
    [
      0.232119,
      "f"
    ],
    [
      0.184028,
      " "
    ],
    [
      0.215389,
      "t"
    ],
    [
      0.224983,
      "r"
    ],
    [
      0.271472,
      "u"
    ],
    [
      0.159886,
      "e"
    ],
    [
      0.560031,
      ";"
    ],
    [
      0.127917,
      " "
    ],
    [
      0.119989,
      "t"
    ],
    [
      0.104179,
      "h"
    ],
    [
      0.120057,
      "e"
    ],
    [
      0.095928,
      "n"
    ],
    [
      0.136253,
      " "
    ],
    [
      0.111774,
      "e"
    ],
    [
      0.223861,
      "c"
    ],
    [
      0.079784,
      "h"
    ],
    [
      0.112039,
      "o"
    ],
    [
      0.192325,
      " "
    ],
    [
      0.312012,
      "\""
    ],
    [
      0.320285,
      "s"
    ],
    [
      0.09556,
      "u"
    ],
    [
      0.176064,
      "c"
    ],
    [
      0.192082,
      "c"
    ],
    [
      0.215885,
      "e"
    ],
    [
      0.191733,
      "s"
    ],
    [
      0.176109,
      "s"
    ],
    [
      0.096193,
      " "
    ],
    [
      0.175851,
      "h"
    ],
    [
      0.087516,
      "a"
    ],
    [
      0.208408,
      "s"
    ],
    [
      0.096267,
      " "
    ],
    [
      0.135827,
      "a"
    ],
    [
      0.096073,
      " "
    ],
    [
      0.12,
      "n"
    ],
    [
      0.216081,
      "u"
    ],
    [
      0.199847,
      "m"
    ],
    [
      0.063871,
      "b"
    ],
    [
      0.176124,
      "e"
    ],
    [
      0.0724,
      "r"
    ],
    [
      0.519535,
      "\""
    ],
    [
      0.655601,
      ";"
    ],
    [
      0.175844,
      " "
    ],
    [
      0.152394,
      "f"
    ],
    [
      0.206634,
      "i"
    ],
    [
      0.465521,
      "\r\n"
    ],
    [
      0.000127,
      "success has a number\r\n"
    ],
    [
      0.002654,
      "\u001b[92m\u001b[1mHulk Bash!\u001b(B\u001b[m\u001b[38;5;202m✶\u001b(B\u001b[m  "
    ],
    [
      1.253216,
      "e"
    ],
    [
      0.199863,
      "c"
    ],
    [
      0.055871,
      "h"
    ],
    [
      0.088063,
      "o"
    ],
    [
      0.192039,
      " "
    ],
    [
      0.408081,
      "$"
    ],
    [
      0.343977,
      "?"
    ],
    [
      0.343469,
      "\r\n"
    ],
    [
      0.000103,
      "0\r\n"
    ],
    [
      0.002448,
      "\u001b[92m\u001b[1mHulk Bash!\u001b(B\u001b[m\u001b[38;5;202m✶\u001b(B\u001b[m  "
    ],
    [
      1.437787,
      "w"
    ],
    [
      0.136161,
      "h"
    ],
    [
      0.05586,
      "i"
    ],
    [
      0.200293,
      "l"
    ],
    [
      0.263775,
      "e"
    ],
    [
      0.303991,
      " "
    ],
    [
      0.327693,
      "t"
    ],
    [
      0.288199,
      "r"
    ],
    [
      0.168085,
      "u"
    ],
    [
      0.584048,
      "e"
    ],
    [
      0.496534,
      ";"
    ],
    [
      0.21556,
      " "
    ],
    [
      0.143555,
      "d"
    ],
    [
      0.136028,
      "o"
    ],
    [
      0.136139,
      " "
    ],
    [
      0.128127,
      "e"
    ],
    [
      0.223751,
      "c"
    ],
    [
      0.088103,
      "h"
    ],
    [
      0.09607,
      "o"
    ],
    [
      0.240102,
      " "
    ],
    [
      0.399652,
      "\""
    ],
    [
      0.576129,
      "i"
    ],
    [
      0.120023,
      "t"
    ],
    [
      0.312381,
      "'"
    ],
    [
      0.15207,
      "s"
    ],
    [
      0.127452,
      " "
    ],
    [
      0.151951,
      "a"
    ],
    [
      0.112191,
      " "
    ],
    [
      0.159672,
      "s"
    ],
    [
      0.112296,
      "m"
    ],
    [
      0.151936,
      "a"
    ],
    [
      0.111963,
      "l"
    ],
    [
      0.175815,
      "l"
    ],
    [
      0.072126,
      " "
    ],
    [
      0.176389,
      "w"
    ],
    [
      0.079789,
      "o"
    ],
    [
      0.13567,
      "r"
    ],
    [
      0.280049,
      "l"
    ],
    [
      0.33607,
      "d"
    ],
    [
      0.167802,
      " "
    ],
    [
      0.208125,
      "a"
    ],
    [
      0.15991,
      "f"
    ],
    [
      0.191882,
      "t"
    ],
    [
      0.136195,
      "e"
    ],
    [
      0.088161,
      "r"
    ],
    [
      0.088044,
      " "
    ],
    [
      0.151672,
      "a"
    ],
    [
      0.144124,
      "l"
    ],
    [
      0.167618,
      "l"
    ],
    [
      0.344358,
      "\""
    ],
    [
      2.151836,
      ";"
    ],
    [
      0.472063,
      " "
    ],
    [
      0.167874,
      "d"
    ],
    [
      0.128736,
      "o"
    ],
    [
      0.079463,
      "n"
    ],
    [
      0.096232,
      "e"
    ],
    [
      0.439722,
      "\r\n"
    ],
    [
      0.00012,
      "it's a small world after all\r\nit's a small world after all\r\n"
    ],
    [
      3.2e-05,
      "it's a small world after all\r\nit's a small world after all\r\nit's a small world after all\r\n"
    ],
    [
      1.4e-05,
      "it's a small world after all\r\nit's a small world after all\r\nit's a small world after all\r\n"
    ],
    [
      2.5e-05,
      "it's a small world after all\r\n"
    ],
    [
      1.2e-05,
      "it's a small world after all\r\n"
    ],
    [
      1.2e-05,
      "it's a small world after all\r\n"
    ],
    [
      1.1e-05,
      "it's a small world after all\r\n"
    ],
    [
      7.3e-05,
      "it's a small world after all\r\n"
    ],
    [
      6.6e-05,
      "it's a small world after all\r\n"
    ],
    [
      3.4e-05,
      "it's a small world after all\r\nit's a small world after all\r\n"
    ],
    [
      7.1e-05,
