{
  "version": 1,
  "width": 80,
  "height": 25,
  "duration": 19.482813,
  "command": null,
  "title": null,
  "env": {
    "TERM": "xterm-256color",
    "SHELL": "/usr/local/bin/bash"
  },
  "stdout": [
    [
      1.352144,
      "\u001b[92m\u001b[1mHulk Bash!\u001b(B\u001b[m\u001b[38;5;202m✶\u001b(B\u001b[m  "
    ],
    [
      1.081496,
      "t"
    ],
    [
      0.367911,
      "a"
    ],
    [
      0.176602,
      "r"
    ],
    [
      0.431955,
      " "
    ],
    [
      0.263732,
      "-"
    ],
    [
      0.520287,
      "x"
    ],
    [
      0.479421,
      "v"
    ],
    [
      0.496526,
      "z"
    ],
    [
      0.391866,
      "f"
    ],
    [
      0.608256,
      " "
    ],
    [
      0.191762,
      "s"
    ],
    [
      0.160005,
      "o"
    ],
    [
      0.14467,
      "f"
    ],
    [
      0.223303,
      "t"
    ],
    [
      0.248753,
      "w"
    ],
    [
      0.469668,
      "are-1.0"
    ],
    [
      1.41742,
      "."
    ],
    [
      0.239726,
      "t"
    ],
    [
      0.376088,
      "g"
    ],
    [
      0.46241,
      "z "
    ],
    [
      1.449108,
      "\r\n"
    ],
    [
      0.005144,
      "x software-1.0/"
    ],
    [
      9.5e-05,
      "\r\nx software-1.0/README.md"
    ],
    [
      0.000328,
      "\r\n"
    ],
    [
      0.0009,
      "\u001b[92m\u001b[1mHulk Bash!\u001b(B\u001b[m\u001b[38;5;202m✶\u001b(B\u001b[m  "
    ],
    [
      1.210374,
      "c"
    ],
    [
      0.239302,
      "d"
    ],
    [
      0.16827,
      " "
    ],
    [
      0.392004,
      "!"
    ],
    [
      0.20815,
      "!"
    ],
    [
      0.679808,
      ":"
    ],
    [
      0.687607,
      "$"
    ],
    [
      0.480367,
      ":"
    ],
    [
      0.400261,
      "r"
    ],
    [
      0.927799,
      "\r\n"
    ],
    [
      0.000146,
      "\u001b[92m\u001b[1mHulk Bash!\u001b(B\u001b[m\u001b[38;5;202m✶\u001b(B\u001b[m  cd software-1.0"
    ],
    [
      0.871919,
      "\r\n"
    ],
    [
      0.002427,
      "\u001b[92m\u001b[1mHulk Bash!\u001b(B\u001b[m\u001b[38;5;202m✶\u001b(B\u001b[m  "
    ],
    [
      0.949586,
      "p"
    ],
    [
      0.095893,
      "w"
    ],
    [
      0.223833,
      "d"
    ],
    [
      0.383892,
      "\r\n"
    ],
    [
      9.9e-05,
      "/Users/johnloy/software-1.0\r\n"
    ],
    [
      0.000226,
      "\u001b[92m\u001b[1mHulk Bash!\u001b(B\u001b[m\u001b[38;5;202m✶\u001b(B\u001b[m  "
    ]
  ]
}