{
  "version": 1,
  "width": 80,
  "height": 25,
  "duration": 69.364653,
  "command": null,
  "title": null,
  "env": {
    "TERM": "xterm-256color",
    "SHELL": "/usr/local/bin/bash"
  },
  "stdout": [
    [
      1.198427,
      "\u001b[92m\u001b[1mHulk Bash!\u001b(B\u001b[m\u001b[38;5;202m✶\u001b(B\u001b[m  "
    ],
    [
      0.62024,
      "p"
    ],
    [
      0.144238,
      "s"
    ],
    [
      0.31154,
      " "
    ],
    [
      0.431817,
      "-"
    ],
    [
      1.040472,
      "E"
    ],
    [
      0.704221,
      "T"
    ],
    [
      0.697447,
      "\r\n"
    ],
    [
      0.006569,
      "  PID TTY           TIME CMD\r\n"
    ],
    [
      0.000914,
      "62591 ttys013    0:00.23 /usr/local/bin/bash GREP_COLOR=1;33 MANPATH=/Users/joh\r\n"
    ],
    [
      0.000935,
      "62845 ttys013    0:00.00 ps -ET GREP_COLOR=1;33 NVM_DIR=/Users/johnloy/.nvm LAN\r\n"
    ],
    [
      0.002257,
      "\u001b[92m\u001b[1mHulk Bash!\u001b(B\u001b[m\u001b[38;5;202m✶\u001b(B\u001b[m  "
    ],
    [
      2.435441,
      "p"
    ],
    [
      0.184151,
      "s"
    ],
    [
      0.175767,
      " "
    ],
    [
      0.216341,
      "-"
    ],
    [
      0.447778,
      "E"
    ],
    [
      0.27246,
      "T"
    ],
    [
      0.863149,
      " "
    ],
    [
      0.272561,
      ">"
    ],
    [
      0.191742,
      " "
    ],
    [
      0.472258,
      "p"
    ],
    [
      0.183825,
      "s"
    ],
    [
      0.351913,
      "-"
    ],
    [
      0.167887,
      "w"
    ],
    [
      0.144171,
      "i"
    ],
    [
      0.120712,
      "t"
    ],
    [
      0.134931,
      "h"
    ],
    [
      0.536324,
      "-"
    ],
    [
      0.311678,
      "e"
    ],
    [
      0.336159,
      "n"
    ],
    [
      0.191778,
      "v"
    ],
    [
      0.584841,
      "."
    ],
    [
      0.135275,
      "t"
    ],
    [
      0.248388,
      "x"
    ],
    [
      0.247737,
      "t"
    ],
    [
      0.711678,
      "\r\n"
    ],
    [
      0.009984,
      "\u001b[92m\u001b[1mHulk Bash!\u001b(B\u001b[m\u001b[38;5;202m✶\u001b(B\u001b[m  "
    ],
    [
      1.605673,
      "e"
    ],
    [
      0.152709,
      "n"
    ],
    [
      0.151902,
      "v"
    ],
    [
      0.216068,
      " "
    ],
    [
      0.295489,
      "|"
    ],
    [
      0.22431,
      " "
    ],
    [
      0.152126,
      "l"
    ],
    [
      0.087761,
      "e"
    ],
    [
      0.215738,
      "s"
    ],
    [
      0.176054,
      "s"
    ],
    [
      0.360509,
      "\r\n"
    ],
    [
      0.005701,
      "\u001b[?1049h\u001b[?1h\u001b=\r"
    ],
    [
      0.000139,
      "GREP_COLOR=1;33\r\nNVM_DIR=/Users/johnloy/.nvm\r\nLANG=en_US.UTF-8\r\nXPC_FLAGS=0x0\r\nTERM_SESSION_ID=w2t0p0:FB9E8C1A-FC0C-40BF-94B6-C18BA6E2FF75\r\nEDITOR=mvim -vexport\r\nNVM_CD_FLAGS=\r\nPERL_MB_OPT=--install_base \"/Users/johnloy/perl5\"\r\nASCIINEMA_REC=1\r\n__CF_USER_TEXT_ENCODING=0x1F6:0x0:0x0\r\nITERM_SESSION_ID=w2t0p0:FB9E8C1A-FC0C-40BF-94B6-C18BA6E2FF75\r\nSSH_AUTH_SOCK=/private/tmp/com.apple.launchd.h6fd2FGe9K/Listeners\r\nUSER=johnloy\r\nPWD=/Users/johnloy\r\nHOME=/Users/johnloy\r\nTERM_PROGRAM=iTerm.app\r\nTERM_PROGRAM_VERSION=3.0.14\r\nNVM_IOJS_ORG_MIRROR=https://iojs.org/dist\r\nApple_PubSub_Socket_Render=/private/tmp/com.apple.launchd.3FFm6KH3HQ/Render\r\nITERM_PROFILE=Default\r\nPERL_MM_OPT=INSTALL_BASE=/Users/johnloy/perl5\r\nTMPDIR=/var/folders/4t/71nrzl1140qdmx2g46hzwrk40000gp/T/\r\nPERL_LOCAL_LIB_ROOT=/Users/johnloy/perl5:/Users/johnloy/perl5:/Users/johnloy/perl5:/Users/johnloy/perl5:/Users/johnloy/perl5\r\nXPC_SERVICE_NAME=0\r\n:\u001b[K"
    ],
    [
      2.042006,
      "\r\u001b[K\u001b[?1l\u001b>\u001b[?1049l"
    ],
    [
      0.003238,
      "\u001b[92m\u001b[1mHulk Bash!\u001b(B\u001b[m\u001b[38;5;202m✶\u001b(B\u001b[m  "
    ],
    [
      1.596579,
      "p"
    ],
    [
      0.176091,
      "r"
    ],
    [
      0.135874,
      "i"
    ],
    [
      0.087994,
      "n"
    ],
    [
      0.447973,
      "t"
    ],
    [
      0.239767,
      "e"
    ],
    [
      0.264231,
      "n"
    ],
    [
      0.159954,
      "v"
    ],
    [
      0.176433,
      " "
    ],
    [
      0.407433,
      "|"
    ],
    [
      0.200277,
      " "
    ],
    [
      0.15197,
      "l"
    ],
    [
      0.079657,
      "e"
    ],
    [
      0.208345,
      "s"
    ],
    [
      0.183724,
      "s"
    ],
    [
      0.688427,
      "\r\n"
    ],
    [
      0.005177,
      "\u001b[?1049h\u001b[?1h\u001b=\r"
    ],
    [
      0.000136,
      "GREP_COLOR=1;33\r\nNVM_DIR=/Users/johnloy/.nvm\r\nLANG=en_US.UTF-8\r\nXPC_FLAGS=0x0\r\nTERM_SESSION_ID=w2t0p0:FB9E8C1A-FC0C-40BF-94B6-C18BA6E2FF75\r\nEDITOR=mvim -vexport\r\nNVM_CD_FLAGS=\r\nPERL_MB_OPT=--install_base \"/Users/johnloy/perl5\"\r\nASCIINEMA_REC=1\r\n__CF_USER_TEXT_ENCODING=0x1F6:0x0:0x0\r\nITERM_SESSION_ID=w2t0p0:FB9E8C1A-FC0C-40BF-94B6-C18BA6E2FF75\r\nSSH_AUTH_SOCK=/private/tmp/com.apple.launchd.h6fd2FGe9K/Listeners\r\nUSER=johnloy\r\nPWD=/Users/johnloy\r\nHOME=/Users/johnloy\r\nTERM_PROGRAM=iTerm.app\r\nTERM_PROGRAM_VERSION=3.0.14\r\nNVM_IOJS_ORG_MIRROR=https://iojs.org/dist\r\nApple_PubSub_Socket_Render=/private/tmp/com.apple.launchd.3FFm6KH3HQ/Render\r\nITERM_PROFILE=Default\r\nPERL_MM_OPT=INSTALL_BASE=/Users/johnloy/perl5\r\nTMPDIR=/var/folders/4t/71nrzl1140qdmx2g46hzwrk40000gp/T/\r\nPERL_LOCAL_LIB_ROOT=/Users/johnloy/perl5:/Users/johnloy/perl5:/Users/johnloy/perl5:/Users/johnloy/perl5:/Users/johnloy/perl5\r\nXPC_SERVICE_NAME=0\r\n:\u001b[K"
    ],
    [
      1.738465,
      "\r\u001b[K\u001b[?1l\u001b>\u001b[?1049l"
    ],
    [
      0.003275,
      "\u001b[92m\u001b[1mHulk Bash!\u001b(B\u001b[m\u001b[38;5;202m✶\u001b(B\u001b[m  "
    ],
    [
      0.764711,
      "e"
    ],
    [
      0.239788,
      "x"
    ],
    [
      0.183828,
      "p"
    ],
    [
      0.152156,
      "o"
    ],
    [
      0.127998,
      "r"
    ],
    [
      0.208023,
      "t"
    ],
    [
      0.13575,
      " "
    ],
    [
      0.551798,
      "-"
    ],
    [
      0.264495,
      "p"
    ],
    [
      0.368222,
      " "
    ],
    [
      0.296173,
      "|"
    ],
    [
      0.191501,
      " "
    ],
    [
      0.151878,
      "l"
    ],
    [
      0.112198,
      "e"
    ],
    [
      0.200264,
      "s"
    ],
    [
      0.223766,
      "s"
    ],
    [
      0.679721,
      "\r\n"
    ],
    [
      0.004769,
      "\u001b[?1049h\u001b[?1h\u001b=\r"
    ],
    [
      0.000187,
      "declare -x ASCIINEMA_REC=\"1\"\r\ndeclare -x Apple_PubSub_Socket_Render=\"/private/tmp/com.apple.launchd.3FFm6KH3HQ/Render\"\r\ndeclare -x COLORFGBG=\"7;0\"\r\ndeclare -x EDITOR=\"mvim -vexport\"\r\ndeclare -x GREP_COLOR=\"1;33\"\r\ndeclare -x HOME=\"/Users/johnloy\"\r\ndeclare -x ITERM_PROFILE=\"Default\"\r\ndeclare -x ITERM_SESSION_ID=\"w2t0p0:FB9E8C1A-FC0C-40BF-94B6-C18BA6E2FF75\"\r\ndeclare -x LANG=\"en_US.UTF-8\"\r\ndeclare -x LOGNAME=\"johnloy\"\r\ndeclare -x MANPATH=\"/Users/johnloy/.nvm/versions/node/v6.10.1/share/man:/Users/johnloy/.homebrew/share/man:/Users/johnloy/.homebrew/share/man:/Users/johnloy/.homebrew/share/man:/Users/johnloy/.homebrew/share/man:/Users/johnloy/.homebrew/share/man:\"\r\ndeclare -x NVM_BIN=\"/Users/johnloy/.nvm/versions/node/v6.10.1/bin\"\r\ndeclare -x NVM_CD_FLAGS=\"\"\r\ndeclare -x NVM_DIR=\"/Users/johnloy/.nvm\"\r\ndeclare -x NVM_IOJS_ORG_MIRROR=\"https://iojs.org/dist\"\r\ndeclare -x NVM_NODEJS_ORG_MIRROR=\"https://nodejs.org/dist\"\r\ndeclare -x OLDPWD\r\ndeclare -x PATH=\"/Users/johnloy/.nvm/versions/node/v6.10.1/bin:/Users/johnloy/node"
    ],
    [
      6.8e-05,
