{
  "version": 1,
  "width": 80,
  "height": 25,
  "duration": 24.620158,
  "command": null,
  "title": null,
  "env": {
    "TERM": "xterm-256color",
    "SHELL": "/usr/local/bin/bash"
  },
  "stdout": [
    [
      1.378656,
      "\u001b[92m\u001b[1mHulk Bash!\u001b(B\u001b[m\u001b[38;5;202m✶\u001b(B\u001b[m  "
    ],
    [
      0.632943,
      "n"
    ],
    [
      0.224148,
      "o"
    ],
    [
      0.104388,
      "d"
    ],
    [
      0.175201,
      "e"
    ],
    [
      0.520091,
      " "
    ],
    [
      0.304242,
      "&"
    ],
    [
      0.303802,
      "\r\n"
    ],
    [
      0.000554,
      "[1] 56053\r\n"
    ],
    [
      0.003022,
      "\u001b[92m\u001b[1mHulk Bash!\u001b(B\u001b[m\u001b[38;5;202m✶\u001b(B\u001b[m  "
    ],
    [
      2.300321,
      "p"
    ],
    [
      0.167448,
      "s"
    ],
    [
      0.128477,
      " "
    ],
    [
      0.479761,
      "|"
    ],
    [
      0.183847,
      " "
    ],
    [
      0.104162,
      "g"
    ],
    [
      0.207899,
      "e"
    ],
    [
      0.016386,
      "r"
    ],
    [
      0.135936,
      "p"
    ],
    [
      0.207474,
      " "
    ],
    [
      0.128268,
      "n"
    ],
    [
      0.383684,
      "\b\u001b[K"
    ],
    [
      0.144204,
      "\b\u001b[K"
    ],
    [
      0.176875,
      "\b\u001b[K"
    ],
    [
      0.160409,
      "\b\u001b[K"
    ],
    [
      0.166909,
      "\b\u001b[K"
    ],
    [
      0.120286,
      "r"
    ],
    [
      0.119842,
      "e"
    ],
    [
      0.184,
      "p"
    ],
    [
      0.143812,
      " "
    ],
    [
      0.176205,
      "n"
    ],
    [
      0.11168,
      "o"
    ],
    [
      0.088778,
      "d"
    ],
    [
      0.239348,
      "e"
    ],
    [
      0.208219,
      "\r\n"
    ],
    [
      0.029201,
      "55285 ttys007    0:26.37 node server\r\n56053 ttys011    0:00.09 node\r\n56058 ttys011    0:00.00 grep node\r\n"
    ],
    [
      0.000826,
      "\r\n"
    ],
    [
      2.4e-05,
      "[1]+  Stopped                 node\r\n"
    ],
    [
      0.002612,
      "\u001b[92m\u001b[1mHulk Bash!\u001b(B\u001b[m\u001b[38;5;202m✶\u001b(B\u001b[m  "
    ],
    [
      2.430856,
      "k"
    ],
    [
      0.191951,
      "i"
    ],
    [
      0.200386,
      "l"
    ],
    [
      0.184024,
      "l"
    ],
    [
      0.527772,
      " "
    ],
    [
      0.352118,
      "-"
    ],
    [
      0.575748,
      "9"
    ],
    [
      0.631872,
      " "
    ],
    [
      3.008262,
      "5"
    ],
    [
      1.119453,
      "6"
    ],
    [
      0.896953,
      "0"
    ],
    [
      1.071244,
      "5"
    ],
    [
      0.624249,
      "3"
    ],
    [
      0.783635,
      "\r\n"
    ],
    [
      0.000659,
      "\u001b[92m\u001b[1mHulk Bash!\u001b(B\u001b[m\u001b[38;5;202m✶\u001b(B\u001b[m  "
    ],
    [
      1.03131,
      "kill -9 56053"
    ],
    [
      0.247747,
      "\b\b\b\b\b\b\b\b\b\b\b\b\bps | grep node"
    ],
    [
      0.544222,
      "\r\n"
    ],
    [
      0.029589,
      "55285 ttys007    0:26.37 node server\r\n56070 ttys011    0:00.00 grep node\r\n"
    ],
    [
      0.000557,
      "[1]+  Killed: 9               node\r\n"
    ],
    [
      0.002427,
      "\u001b[92m\u001b[1mHulk Bash!\u001b(B\u001b[m\u001b[38;5;202m✶\u001b(B\u001b[m  "
    ]
  ]
}