{
  "version": 1,
  "width": 81,
  "height": 25,
  "duration": 17.810105,
  "command": null,
  "title": null,
  "env": {
    "TERM": "xterm-256color",
    "SHELL": "/usr/local/bin/bash"
  },
  "stdout": [
    [
      1.188968,
      "\u001b[92m\u001b[1mHulk Bash!\u001b(B\u001b[m\u001b[38;5;202m✶\u001b(B\u001b[m  "
    ],
    [
      0.708486,
      "m"
    ],
    [
      0.167723,
      "a"
    ],
    [
      0.135615,
      "n"
    ],
    [
      0.279946,
      " "
    ],
    [
      0.256265,
      "t"
    ],
    [
      0.208117,
      "p"
    ],
    [
      0.175551,
      "u"
    ],
    [
      0.152863,
      "t"
    ],
    [
      0.311281,
      "\r\n"
    ],
    [
      0.020667,
      "\u001b[?1049h\u001b[?1h\u001b=\r"
    ],
    [
      0.022932,
      "tput(1)                                                          tput(1)\r\n\r\n\u001b[1mNAME\u001b[0m\r\n       \u001b[1mtput\u001b[0m, \u001b[1mreset\u001b[0m - initialize a terminal or query terminfo database\r\n\r\n\u001b[1mSYNOPSIS\u001b[0m\r\n       \u001b[1mtput\u001b[0m [\u001b[1m-T\u001b[0m\u001b[4mtype\u001b[24m] \u001b[4mcapname\u001b[24m [\u001b[4mparms\u001b[24m ... ]\r\n       \u001b[1mtput\u001b[0m [\u001b[1m-T\u001b[0m\u001b[4mtype\u001b[24m] \u001b[1minit\u001b[0m\r\n       \u001b[1mtput\u001b[0m [\u001b[1m-T\u001b[0m\u001b[4mtype\u001b[24m] \u001b[1mreset\u001b[0m\r\n       \u001b[1mtput\u001b[0m [\u001b[1m-T\u001b[0m\u001b[4mtype\u001b[24m] \u001b[1mlongname\u001b[0m\r\n       \u001b[1mtput\u001b[0m \u001b[1m-S\u001b[0m  \u001b[1m<<\u001b[0m\r\n       \u001b[1mtput\u001b[0m \u001b[1m-V\u001b[0m\r\n\r\n\u001b[1mDESCRIPTION\u001b[0m\r\n       The \u001b[1mtput\u001b[0m utility uses the \u001b[1mterminfo\u001b[0m database to make the values of\r\n       terminal-dependent capabilities and information available to  the\r\n       shell (see \u001b[1msh\u001b[0m(1)), to initialize or reset the terminal, or return\r\n       the long name of the requested terminal type.  The result depends\r\n       upon the capability's type:\r\n\r\n              string\r\n                   \u001b[1mtput\u001b[0m  writes  the  string to the standard output. "
    ],
    [
      5.1e-05,
      " No\r\n                   trailing newline is supplied.\r\n\r\n:\u001b[K"
    ],
    [
      2.725254,
      "\r\u001b[K\u001b[?1l\u001b>\u001b[?1049l"
    ],
    [
      0.002991,
      "\u001b[92m\u001b[1mHulk Bash!\u001b(B\u001b[m\u001b[38;5;202m✶\u001b(B\u001b[m  "
    ],
    [
      1.63669,
      "t"
    ],
    [
      0.167826,
      "p"
    ],
    [
      0.183818,
      "u"
    ],
    [
      0.144109,
      "t"
    ],
    [
      0.128084,
      " "
    ],
    [
      0.191936,
      "s"
    ],
    [
      0.23204,
      "e"
    ],
    [
      0.167582,
      "t"
    ],
    [
      0.304474,
      "a"
    ],
    [
      0.287618,
      "f"
    ],
    [
      0.560261,
      " "
    ],
    [
      0.400116,
      "1"
    ],
    [
      0.552482,
      ";"
    ],
    [
      0.439251,
      " "
    ],
    [
      0.207665,
      "t"
    ],
    [
      0.136783,
      "p"
    ],
    [
      0.159608,
      "u"
    ],
    [
      0.143482,
      "t"
    ],
    [
      0.14434,
      " "
    ],
    [
      0.168566,
      "b"
    ],
    [
      0.079425,
      "o"
    ],
    [
      0.208809,
      "l"
    ],
    [
      0.135419,
      "d"
    ],
    [
      0.239528,
      ";"
    ],
    [
      0.176059,
      " "
    ],
    [
      0.160047,
      "e"
    ],
    [
      0.248124,
      "c"
    ],
    [
      0.09601,
      "h"
    ],
    [
      0.135929,
      "o"
    ],
    [
      0.279948,
      " "
    ],
    [
      0.376403,
      "\""
    ],
    [
      0.43165,
      "R"
    ],
    [
      0.247773,
      "e"
    ],
    [
      0.216177,
      "d"
    ],
    [
      0.192107,
      " "
    ],
    [
      0.152662,
      "a"
    ],
    [
      0.087203,
      "n"
    ],
    [
      0.112326,
      "d"
    ],
    [
      0.127867,
      " "
    ],
    [
      0.175418,
      "b"
    ],
    [
      0.104079,
      "o"
    ],
    [
      0.208405,
      "l"
    ],
    [
      0.096221,
      "d"
    ],
    [
      0.343752,
      "\""
    ],
    [
      0.455888,
      "\r\n"
    ],
    [
      0.002867,
      "\u001b[31m"
    ],
    [
      0.002576,
      "\u001b[1m"
    ],
    [
      0.000484,
      "Red and bold\r\n"
    ],
    [
      0.002377,
      "\u001b[92m\u001b[1mHulk Bash!\u001b(B\u001b[m\u001b[38;5;202m✶\u001b(B\u001b[m  "
    ]
  ]
}