{
  "version": 1,
  "width": 80,
  "height": 25,
  "duration": 49.339789,
  "command": null,
  "title": null,
  "env": {
    "TERM": "xterm-256color",
    "SHELL": "/usr/local/bin/bash"
  },
  "stdout": [
    [
      1.133671,
      "\u001b[92m\u001b[1mHulk Bash!\u001b(B\u001b[m\u001b[38;5;202m✶\u001b(B\u001b[m  "
    ],
    [
      0.968466,
      "m"
    ],
    [
      0.208182,
      "a"
    ],
    [
      0.152021,
      "n"
    ],
    [
      0.162301,
      " "
    ],
    [
      0.221435,
      "m"
    ],
    [
      0.200615,
      "a"
    ],
    [
      0.144558,
      "n"
    ],
    [
      0.591284,
      "\r\n"
    ],
    [
      0.021499,
      "\u001b[?1049h\u001b[?1h\u001b=\r"
    ],
    [
      0.027104,
      "man(1)                                                                  man(1)\r\n\r\n\u001b[1mNAME\u001b[0m\r\n       man - format and display the on-line manual pages\r\n\r\n\u001b[1mSYNOPSIS\u001b[0m\r\n       \u001b[1mman\u001b[0m  [\u001b[1m-acdfFhkKtwW\u001b[0m]  [\u001b[1m--path\u001b[0m]  [\u001b[1m-m\u001b[0m \u001b[4msystem\u001b[24m] [\u001b[1m-p\u001b[0m \u001b[4mstring\u001b[24m] [\u001b[1m-C\u001b[0m \u001b[4mconfig_file\u001b[24m]\r\n       [\u001b[1m-M\u001b[0m \u001b[4mpathlist\u001b[24m] [\u001b[1m-P\u001b[0m \u001b[4mpager\u001b[24m] [\u001b[1m-B\u001b[0m \u001b[4mbrowser\u001b[24m] [\u001b[1m-H\u001b[0m \u001b[4mhtmlpager\u001b[24m] [\u001b[1m-S\u001b[0m  \u001b[4msection_list\u001b[24m]\r\n       [\u001b[4msection\u001b[24m] \u001b[4mname\u001b[24m \u001b[4m...\u001b[24m\r\n\r\n\u001b[1mDESCRIPTION\u001b[0m\r\n       \u001b[1mman\u001b[0m formats and displays the on-line manual pages.  If you specify \u001b[4msec-\u001b[24m\r\n       \u001b[4mtion\u001b[24m, \u001b[1mman\u001b[0m only looks in that section of the manual.  \u001b[4mname\u001b[24m  is  normally\r\n       the  name of the manual page, which is typically the name of a command,\r\n       function, or file.  However, if \u001b[4mname\u001b[24m contains  a  slash  (\u001b[1m/\u001b[0m)  then  \u001b[1mman\u001b[0m\r\n       interprets  it  as a file specification, so that you can d"
    ],
    [
      2.6e-05,
      "o \u001b[1mman\u001b[0m "
    ],
    [
      6.4e-05,
      "\u001b[1m./foo.5\u001b[0m\r\n       or even \u001b[1mman\u001b[0m \u001b[1m/cd/foo/bar.1.gz\u001b[0m.\r\n\r\n       See below for a description of where \u001b[1mman\u001b[0m  looks  for  the  manual  page\r\n       files.\r\n\r\n\u001b[1mOPTIONS\u001b[0m\r\n       \u001b[1m-C\u001b[0m  \u001b[1mconfig_file\u001b[0m\r\n              Specify  the  configuration  file  to  use; the default is \u001b[1m/pri-\u001b[0m\r\n:\u001b[K"
    ],
    [
      1.391396,
      "\r\u001b[K/"
    ],
    [
      0.75939,
      "\u001b[KS\bS"
    ],
    [
      0.223885,
      "\u001b[KE\bE"
    ],
    [
      0.112023,
      "\u001b[KA\bA"
    ],
    [
      0.152014,
      "\u001b[KR\bR"
    ],
    [
      0.328037,
      "\u001b[KC\bC"
    ],
    [
      0.352066,
      "\u001b[KH\bH"
    ],
    [
      0.384268,
      "\u001b[K \b "
    ],
    [
      0.591725,
      "\u001b[KP\bP"
    ],
    [
      0.368679,
      "\u001b[KA\bA"
    ],
    [
      0.191003,
      "\u001b[KT\bT"
    ],
    [
      0.624444,
      "\u001b[KH\bH"
    ],
    [
      0.311994,
      "\u001b[K \b "
    ],
    [
      0.30366,
      "\u001b[KF\bF"
    ],
    [
      0.328157,
      "\u001b[KO\bO"
    ],
    [
      0.783728,
      "\u001b[KR\bR"
    ],
    [
      0.328429,
      "\r\u001b[K"
    ],
    [
      0.000421,
      "\u001b[1;1Hman(1)                                                                  man(1)\r\n\u001b[2;1H\r\n\u001b[3;1H\u001b[1mNAME\u001b[0m\r\n\u001b[4;1H       man - format and display the on-line manual pages\r\n\u001b[5;1H\r\n\u001b[6;1H\u001b[1mSYNOPSIS\u001b[0m\r\n\u001b[7;1H       \u001b[1mman\u001b[0m  [\u001b[1m-acdfFhkKtwW\u001b[0m]  [\u001b[1m--path\u001b[0m]  [\u001b[1m-m\u001b[0m \u001b[4msystem\u001b[24m] [\u001b[1m-p\u001b[0m \u001b[4mstring\u001b[24m] [\u001b[1m-C\u001b[0m \u001b[4mconfig_file\u001b[24m]\r\n\u001b[8;1H       [\u001b[1m-M\u001b[0m \u001b[4mpathlist\u001b[24m] [\u001b[1m-P\u001b[0m \u001b[4mpager\u001b[24m] [\u001b[1m-B\u001b[0m \u001b[4mbrowser\u001b[24m] [\u001b[1m-H\u001b[0m \u001b[4mhtmlpager\u001b[24m] [\u001b[1m-S\u001b[0m  \u001b[4msection_list\u001b[24m]\r\n\u001b[9;1H       [\u001b[4msection\u001b[24m] \u001b[4mname\u001b[24m \u001b[4m...\u001b[24m\r\n\u001b[10;1H\r\n\u001b[11;1H\u001b[1mDESCRIPTION\u001b[0m\r\n\u001b[12;1H       \u001b[1mman\u001b[0m formats and displays the on-line manual pages.  If you specify \u001b[4msec-\u001b[24m\r\n\u001b[13;1H       \u001b[4mtion\u001b[24m, \u001b[1mman\u001b[0m only looks in that section of the manual.  \u001b[4mname\u001b[24m  is  normally\r\n\u001b[14;1H       the  name of the manual page, which is typically the name of a command,\r\n\u001b[15;1H       function, or file.  However, if \u001b[4mname\u001b[24m contains  a  slash  ("
    ],
    [
      4.6e-05,
      "\u001b[1m/\u001b[0m)  t"
    ],
    [
      0.000311,
      "hen  \u001b[1mman\u001b[0m\r\n\u001b[16;1H       interprets  it  as a file specification, so that you can do \u001b[1mman\u001b[0m \u001b[1m./foo.5\u001b[0m\r\n\u001b[17;1H       or even \u001b[1mman\u001b[0m \u001b[1m/cd/foo/bar.1.gz\u001b[0m.\r\n\u001b[18;1H\r\n\u001b[19;1H       See below for a description of where \u001b[1mman\u001b[0m  looks  for  the  manual  page\r\n\u001b[20;1H       files.\r\n\u001b[21;1H\r\n\u001b[22;1H\u001b[1mOPTIONS\u001b[0m\r\n\u001b[23;1H       \u001b[1m-C\u001b[0m  \u001b[1mconfig_file\u001b[0m\r\n\u001b[24;1H              Specify  the  configuration  file  to  use; the default is \u001b[1m/pri-\u001b[0m\r\n\u001b[25;1H\u001b[1;1Hman(1)                                                                  man(1)\r\n\u001b[2;1H\r\n\u001b[3;1H\u001b[1mNAME\u001b[0m\r\n\u001b[4;1H       man - format and display the on-line manual pages\r\n\u001b[5;1H\r\n\u001b[6;1H\u001b[1mSYNOPSIS\u001b[0m\r\n\u001b[7;1H       \u001b[1mman\u001b[0m  [\u001b[1m-acdfFhkKtwW\u001b[0m]  [\u001b[1m--path\u001b[0m]  [\u001b[1m-m\u001b[0m \u001b[4msystem\u001b[24m] [\u001b[1m-p\u001b[0m \u001b[4mstring\u001b[24m] [\u001b[1m-C\u001b[0m \u001b[4mconfig_file\u001b[24m]\r\n\u001b[8;1H       [\u001b[1m-M\u001b[0m \u001b[4mpathlist\u001b[24m] [\u001b[1m-P\u001b[0m \u001b[4mpager\u001b[24m] [\u001b[1m-B\u001b[0m \u001b[4mbrowser\u001b[24m] [\u001b[1m-H\u001b[0m \u001b[4mhtmlpager\u001b[24m] [\u001b[1m-S\u001b[0m  \u001b[4msection_list"
    ],
    [
      7.5e-05,
      "\u001b[24m]\r\n\u001b[9;1H   "
    ],
    [
      0.000301,
      "    [\u001b[4msection\u001b[24m] \u001b[4mname\u001b[24m \u001b[4m...\u001b[24m\r\n\u001b[10;1H\r\n\u001b[11;1H\u001b[1mDESCRIPTION\u001b[0m\r\n\u001b[12;1H       \u001b[1mman\u001b[0m formats and displays the on-line manual pages.  If you specify \u001b[4msec-\u001b[24m\r\n\u001b[13;1H       \u001b[4mtion\u001b[24m, \u001b[1mman\u001b[0m only looks in that section of the manual.  \u001b[4mname\u001b[24m  is  normally\r\n\u001b[14;1H       the  name of the manual page, which is typically the name of a command,\r\n\u001b[15;1H       function, or file.  However, if \u001b[4mname\u001b[24m contains  a  slash  (\u001b[1m/\u001b[0m)  then  \u001b[1mman\u001b[0m\r\n\u001b[16;1H       interprets  it  as a file specification, so that you can do \u001b[1mman\u001b[0m \u001b[1m./foo.5\u001b[0m\r\n\u001b[17;1H       or even \u001b[1mman\u001b[0m \u001b[1m/cd/foo/bar.1.gz\u001b[0m.\r\n\u001b[18;1H\r\n\u001b[19;1H       See below for a description of where \u001b[1mman\u001b[0m  looks  for  the  manual  page\r\n\u001b[20;1H       files.\r\n\u001b[21;1H\r\n\u001b[22;1H\u001b[1mOPTIONS\u001b[0m\r\n\u001b[23;1H       \u001b[1m-C\u001b[0m  \u001b[1mconfig_file\u001b[0m\r\n\u001b[24;1H              Specify  the  configuration  file  to  use; the default is \u001b[1m/pri-\u001b[0m\r\n\u001b[25;1H...skipping...\r\n              not specifying \u001b[1"
    ],
    [
