{
  "version": 1,
  "width": 80,
  "height": 25,
  "duration": 75.276383,
  "command": null,
  "title": null,
  "env": {
    "TERM": "xterm-256color",
    "SHELL": "/usr/local/bin/bash"
  },
  "stdout": [
    [
      1.473205,
      "\u001b[92m\u001b[1mHulk Bash!\u001b(B\u001b[m\u001b[38;5;202m✶\u001b(B\u001b[m  "
    ],
    [
      0.671802,
      "c"
    ],
    [
      0.216069,
      "u"
    ],
    [
      0.11235,
      "r"
    ],
    [
      0.13507,
      "l"
    ],
    [
      0.256245,
      " "
    ],
    [
      0.271618,
      "\""
    ],
    [
      0.336527,
      "h"
    ],
    [
      0.175479,
      "t"
    ],
    [
      0.168766,
      "t"
    ],
    [
      0.13562,
      "p"
    ],
    [
      0.320314,
      "s"
    ],
    [
      0.311556,
      ":"
    ],
    [
      0.296455,
      "/"
    ],
    [
      0.167788,
      "/"
    ],
    [
      0.175736,
      "b"
    ],
    [
      0.1199,
      "a"
    ],
    [
      0.287837,
      "d"
    ],
    [
      0.248317,
      "a"
    ],
    [
      0.335679,
      "s"
    ],
    [
      0.16791,
      "s"
    ],
    [
      0.28017,
      "-"
    ],
    [
      0.192463,
      "a"
    ],
    [
      0.103618,
      "p"
    ],
    [
      0.199894,
      "i"
    ],
    [
      0.343989,
      "."
    ],
    [
      0.176125,
      "c"
    ],
    [
      0.112199,
      "o"
    ],
    [
      0.136233,
      "m"
    ],
    [
      0.583745,
      "/"
    ],
    [
      0.360058,
      "d"
    ],
    [
      0.135479,
      "o"
    ],
    [
      0.320549,
      "s"
    ],
    [
      0.232311,
      "o"
    ],
    [
      0.183478,
      "m"
    ],
    [
      0.168068,
      "e"
    ],
    [
      0.168063,
      "t"
    ],
    [
      0.112139,
      "h"
    ],
    [
      0.103942,
      "i"
    ],
    [
      0.136093,
      "n"
    ],
    [
      0.191608,
      "g"
    ],
    [
      1.416045,
      "\""
    ],
    [
      1.088151,
      "\\"
    ],
    [
      0.688079,
      "\r\n"
    ],
    [
      0.000127,
      "> "
    ],
    [
      1.415679,
      "-"
    ],
    [
      0.527739,
      "H"
    ],
    [
      0.608098,
      " "
    ],
    [
      0.33554,
      "\""
    ],
    [
      0.464262,
      "p"
    ],
    [
      0.192261,
      "r"
    ],
    [
      0.559496,
      "a"
    ],
    [
      0.232482,
      "g"
    ],
    [
      0.335699,
      "m"
    ],
    [
      0.080168,
      "a"
    ],
    [
      0.416026,
      ":"
    ],
    [
      0.20793,
      "n"
    ],
    [
      0.279695,
      "o"
    ],
    [
      0.600087,
      "-"
    ],
    [
      0.256471,
      "c"
    ],
    [
      0.488219,
      "a"
    ],
    [
      0.431163,
      "c"
    ],
    [
      0.290199,
      "h"
    ],
    [
      0.181849,
      "e"
    ],
    [
      0.936115,
      "\""
    ],
    [
      1.072095,
      "\\"
    ],
    [
      0.375643,
      "\r\n"
    ],
    [
      0.000105,
      "> "
    ],
    [
      1.128266,
      "-"
    ],
    [
      1.823666,
      "H"
    ],
    [
      0.776148,
      " "
    ],
    [
      0.607775,
      "\""
    ],
    [
      0.408104,
      "X"
    ],
    [
      0.576036,
      "-"
    ],
    [
      0.399908,
      "A"
    ],
    [
      0.223804,
      "u"
    ],
    [
      0.144285,
      "t"
    ],
    [
      0.095691,
      "h"
    ],
    [
      0.415922,
      "-"
    ],
    [
      0.496165,
      "T"
    ],
    [
      0.216583,
      "o"
    ],
    [
      0.207593,
      "k"
    ],
    [
      0.111921,
      "e"
    ],
    [
      0.159627,
      "n"
    ],
    [
      0.312283,
      ":"
    ],
    [
      0.192163,
      " "
    ],
    [
      0.375652,
      "1"
    ],
    [
      0.240234,
      "2"
    ],
    [
      0.223647,
      "3"
    ],
    [
      0.248154,
      "4"
    ],
    [
      0.296342,
      "5"
    ],
    [
      0.296119,
      "6"
    ],
    [
      0.279802,
      "7"
    ],
    [
      0.272364,
      "8"
    ],
    [
      0.303401,
      "9"
    ],
    [
      0.455569,
      "0"
    ],
    [
      5.176518,
      "\r\n"
    ],
    [
      0.000101,
      "> "
    ],
    [
      1.383837,
      "bash: unexpected EOF while looking for matching `\"'\r\nbash: syntax error: unexpected end of file\r\n"
    ],
    [
      0.002231,
      "\u001b[92m\u001b[1mHulk Bash!\u001b(B\u001b[m\u001b[38;5;202m✶\u001b(B\u001b[m  "
    ],
    [
      5.173317,
      "c"
    ],
    [
      0.183486,
      "a"
    ],
    [
      0.152559,
      "t"
    ],
    [
      0.279799,
      " "
    ],
    [
      0.327925,
      "<"
    ],
    [
      0.208519,
      "<"
    ],
    [
      0.639277,
      "E"
    ],
    [
      0.376536,
      "O"
    ],
    [
      0.383526,
      "F"
    ],
    [
      0.816105,
      " "
    ],
    [
      0.336092,
      ">"
    ],
    [
      0.455936,
      " "
    ],
    [
      0.847825,
      "."
    ],
    [
      0.43987,
      "g"
    ],
    [
      0.20835,
      "i"
    ],
    [
      0.119632,
      "t"
    ],
    [
      0.544181,
      "i"
    ],
    [
      0.239647,
      "g"
    ],
    [
      0.192416,
      "n"
    ],
    [
      0.168115,
      "o"
    ],
    [
      0.136042,
      "r"
    ],
    [
      0.120292,
      "e"
    ],
    [
      1.447409,
      "\r\n"
    ],
    [
      0.000134,
      "> "
    ],
    [
      2.567854,
      "*"
    ],
    [
      0.943703,
      "."
    ],
    [
      0.32017,
      "D"
    ],
    [
      0.335762,
      "S"
    ],
    [
      0.440218,
      "_"
    ],
    [
      0.488226,
      "S"
    ],
    [
      0.511744,
      "t"
    ],
    [
      0.280001,
      "o"
    ],
    [
      0.10375,
      "r"
    ],
    [
      0.096665,
      "e"
    ],
    [
      1.303192,
      "\r\n"
    ],
    [
      8.8e-05,
      "> "
    ],
    [
      1.183756,
      "t"
    ],
    [
      1.208142,
      "e"
    ],
    [
      0.168122,
      "m"
    ],
    [
      0.279747,
      "p"
    ],
    [
      1.904295,
      "\r\n"
    ],
    [
      8.4e-05,
      "> "
    ],
    [
      2.039529,
      "E"
    ],
    [
      0.296158,
      "O"
    ],
    [
      0.312381,
      "F"
    ],
    [
      0.311763,
      "\r\n"
    ],
    [
      0.006433,
      "\u001b[92m\u001b[1mHulk Bash!\u001b(B\u001b[m\u001b[38;5;202m✶\u001b(B\u001b[m  "
    ],
    [
      1.202143,
      "c"
    ],
    [
      0.183085,
      "a"
    ],
    [
      0.144145,
      "t"
    ],
    [
      0.207952,
      " "
    ],
    [
      1.096299,
      "."
    ],
    [
      0.168012,
      "g"
    ],
    [
      0.20787,
      "i"
    ],
    [
      0.088429,
      "t"
    ],
    [
      0.590257,
      "ignore "
    ],
    [
      0.529303,
      "\r\n"
    ],
    [
      0.002593,
      "*.DS_Store\r\ntemp\r\n"
    ],
    [
      0.002616,
      "\u001b[92m\u001b[1mHulk Bash!\u001b(B\u001b[m\u001b[38;5;202m✶\u001b(B\u001b[m  "
    ]
  ]
}