{
  "version": 1,
  "width": 80,
  "height": 25,
  "duration": 49.344249,
  "command": null,
  "title": null,
  "env": {
    "TERM": "xterm-256color",
    "SHELL": "/usr/local/bin/bash"
  },
  "stdout": [
    [
      1.116048,
      "\u001b[92m\u001b[1mHulk Bash!\u001b(B\u001b[m\u001b[38;5;202m✶\u001b(B\u001b[m  "
    ],
    [
      0.761055,
      "p"
    ],
    [
      0.192152,
      "w"
    ],
    [
      0.255903,
      "d"
    ],
    [
      0.239946,
      "\r\n"
    ],
    [
      0.000122,
      "/\r\n"
    ],
    [
      0.000347,
      "\u001b[92m\u001b[1mHulk Bash!\u001b(B\u001b[m\u001b[38;5;202m✶\u001b(B\u001b[m  "
    ],
    [
      1.359552,
      "s"
    ],
    [
      0.144454,
      "h"
    ],
    [
      0.215305,
      "o"
    ],
    [
      0.176088,
      "p"
    ],
    [
      0.215725,
      "t"
    ],
    [
      0.1765,
      " "
    ],
    [
      0.215625,
      "-"
    ],
    [
      0.144491,
      "s"
    ],
    [
      0.215766,
      " "
    ],
    [
      0.231982,
      "c"
    ],
    [
      0.207892,
      "d"
    ],
    [
      1.288547,
      "a"
    ],
    [
      0.287545,
      "b"
    ],
    [
      0.231753,
      "le_vars "
    ],
    [
      0.839812,
      "\r\n"
    ],
    [
      0.002245,
      "\u001b[92m\u001b[1mHulk Bash!\u001b(B\u001b[m\u001b[38;5;202m✶\u001b(B\u001b[m  "
    ],
    [
      1.821998,
      "e"
    ],
    [
      0.224302,
      "x"
    ],
    [
      0.191808,
      "p"
    ],
    [
      0.183749,
      "o"
    ],
    [
      0.120025,
      "r"
    ],
    [
      0.240215,
      "t"
    ],
    [
      0.496858,
      " "
    ],
    [
      0.143154,
      "p"
    ],
    [
      0.135826,
      "r"
    ],
    [
      0.103675,
      "o"
    ],
    [
      0.064374,
      "j"
    ],
    [
      0.096284,
      "e"
    ],
    [
      0.21573,
      "c"
    ],
    [
      0.20833,
      "t"
    ],
    [
      0.231423,
      "s"
    ],
    [
      0.591971,
      "="
    ],
    [
      0.720487,
      "\""
    ],
    [
      0.511672,
      "$"
    ],
    [
      0.408056,
      "H"
    ],
    [
      0.15183,
      "O"
    ],
    [
      0.136127,
      "M"
    ],
    [
      0.415861,
      "E"
    ],
    [
      0.512051,
      "\""
    ],
    [
      0.695764,
      "/"
    ],
    [
      0.343894,
      "p"
    ],
    [
      0.184345,
      "r"
    ],
    [
      0.088154,
      "o"
    ],
    [
      0.05552,
      "j"
    ],
    [
      0.080281,
      "e"
    ],
    [
      0.199651,
      "c"
    ],
    [
      0.17619,
      "t"
    ],
    [
      0.176111,
      "s"
    ],
    [
      0.328293,
      "\r\n"
    ],
    [
      0.002606,
      "\u001b[92m\u001b[1mHulk Bash!\u001b(B\u001b[m\u001b[38;5;202m✶\u001b(B\u001b[m  "
    ],
    [
      1.548767,
      "c"
    ],
    [
      0.208252,
      "d"
    ],
    [
      0.208086,
      " "
    ],
    [
      0.21568,
      "p"
    ],
    [
      0.216244,
      "r"
    ],
    [
      0.111511,
      "o"
    ],
    [
      0.112806,
      "j"
    ],
    [
      0.607593,
      "e"
    ],
    [
      0.247688,
      "c"
    ],
    [
      0.183935,
      "t"
    ],
    [
      0.168394,
      "s"
    ],
    [
      0.20769,
      "\r\n"
    ],
    [
      0.000226,
      "/Users/johnloy/projects\r\n"
    ],
    [
      0.002088,
      "\u001b[92m\u001b[1mHulk Bash!\u001b(B\u001b[m\u001b[38;5;202m✶\u001b(B\u001b[m  "
    ],
    [
      1.182089,
      "c"
    ],
    [
      0.199665,
      "d"
    ],
    [
      0.127968,
      " "
    ],
    [
      0.30395,
      "/"
    ],
    [
      0.264121,
      "\r\n"
    ],
    [
      0.002372,
      "\u001b[92m\u001b[1mHulk Bash!\u001b(B\u001b[m\u001b[38;5;202m✶\u001b(B\u001b[m  "
    ],
    [
      1.589622,
      "["
    ],
    [
      0.191577,
      "["
    ],
    [
      0.536997,
      " "
    ],
    [
      0.559714,
      "$"
    ],
    [
      0.583398,
      "-"
    ],
    [
      0.656717,
      " "
    ],
    [
      0.391455,
      "="
    ],
    [
      0.192077,
      "="
    ],
    [
      0.415575,
      " "
    ],
    [
      0.5283,
      "*"
    ],
    [
      0.303985,
      "i"
    ],
    [
      0.33601,
      "*"
    ],
    [
      0.50382,
      " "
    ],
    [
      0.359954,
      "]"
    ],
    [
      0.175864,
      "]"
    ],
    [
      0.903937,
      " "
    ],
    [
      0.487901,
      "&"
    ],
    [
      0.167927,
      "&"
    ],
    [
      0.208326,
      " "
    ],
    [
      0.1517,
      "e"
    ],
    [
      0.224236,
      "x"
    ],
    [
      0.1598,
      "p"
    ],
    [
      0.200419,
      "o"
    ],
    [
      0.119935,
      "r"
    ],
    [
      0.223787,
      "t"
    ],
    [
      0.120526,
      " "
    ],
    [
      0.3674,
      "C"
    ],
    [
      0.232075,
      "D"
    ],
    [
      0.368002,
      "P"
    ],
    [
      0.424158,
      "A"
    ],
    [
      0.192011,
      "T"
    ],
    [
      0.455676,
      "H"
    ],
    [
      1.007946,
      "="
    ],
    [
      0.672311,
      "~"
    ],
    [
      0.727707,
      "/"
    ],
    [
      0.288012,
      "p"
    ],
    [
      0.159912,
      "r"
    ],
    [
      0.104179,
      "o"
    ],
    [
      0.056367,
      "j"
    ],
    [
      0.11958,
      "e"
    ],
    [
      0.247857,
      "c"
    ],
    [
      0.192099,
      "t"
    ],
    [
      0.199735,
      "s"
    ],
    [
      0.464431,
      "\r\n"
    ],
    [
      0.002566,
      "\u001b[92m\u001b[1mHulk Bash!\u001b(B\u001b[m\u001b[38;5;202m✶\u001b(B\u001b[m  "
    ],
    [
      1.477142,
      "r"
    ],
    [
      0.104099,
      "e"
    ],
    [
      0.272081,
      "v"
    ],
    [
      0.288058,
      "c"
    ],
    [
      0.143704,
      "o"
    ],
    [
      0.088542,
      "n"
    ],
    [
      0.23642,
      "\u0007"
    ],
    [
      0.947893,
      "f"
    ],
    [
      0.317525,
      "\u0007"
    ],
    [
      1.025529,
      "\b\u001b[K"
    ],
    [
      0.253858,
      "\b\u001b[K"
    ],
    [
      0.036187,
      "\b\u001b[K"
    ],
    [
      0.033845,
      "\b\u001b[K"
    ],
    [
      0.033492,
      "\b\u001b[K"
    ],
    [
      0.036027,
      "\b\u001b[K"
    ],
    [
      0.05115,
      "\b\u001b[K"
    ],
    [
      0.036258,
      "\u0007"
    ],
    [
      0.043863,
      "\u0007"
    ],
    [
      0.034218,
      "\u0007"
    ],
    [
      0.044248,
      "c"
    ],
    [
      0.172874,
      "d"
    ],
    [
      0.152309,
      " "
    ],
    [
      0.648251,
      "r"
    ],
    [
      0.119545,
      "e"
    ],
    [
      0.247764,
      "v"
    ],
    [
      0.197656,
      "conf-project/"
    ],
    [
      0.826295,
      "\r\n"
    ],
    [
      0.000114,
      "/Users/johnloy/projects/revconf-project\r\n"
    ],
    [
      0.003799,
      "\u001b[92m\u001b[1mHulk Bash!\u001b(B\u001b[m\u001b[38;5;202m✶\u001b(B\u001b[m  "
    ]
  ]
}