{
  "version": 1,
  "width": 80,
  "height": 25,
  "duration": 36.53103,
  "command": null,
  "title": null,
  "env": {
    "TERM": "xterm-256color",
    "SHELL": "/usr/local/bin/bash"
  },
  "stdout": [
    [
      1.19156,
      "\u001b[92m\u001b[1mHulk Bash!\u001b(B\u001b[m\u001b[38;5;202m✶\u001b(B\u001b[m  "
    ],
    [
      1.41855,
      "export"
    ],
    [
      0.000114,
      " PS1=\"\\[$(tput"
    ],
    [
      0.000137,
      " setaf"
    ],
    [
      3.9e-05,
      " 1;tput"
    ],
    [
      9.5e-05,
      " bold)\\]Hulk"
    ],
    [
      0.000157,
      " MAD\"\\!\"\\[$(tput"
    ],
    [
      0.000127,
      " sgr0)\\\r\\]\\[$(tput"
    ],
    [
      2.7e-05,
      " setaf"
    ],
    [
      0.000132,
      " 202)\\]✶\\[$(tput"
    ],
    [
      4e-05,
      " sgr0)\\]"
    ],
    [
      4e-05,
      "  \""
    ],
    [
      1.877492,
      "\r\n"
    ],
    [
      0.018111,
      "\u001b[31m\u001b[1mHulk MAD!\u001b(B\u001b[m\u001b[38;5;202m✶\u001b(B\u001b[m  "
    ],
    [
      3.173938,
      "p"
    ],
    [
      0.183903,
      "r"
    ],
    [
      0.703884,
      "i"
    ],
    [
      0.095974,
      "n"
    ],
    [
      0.160819,
      "t"
    ],
    [
      0.37549,
      "f"
    ],
    [
      0.224019,
      " "
    ],
    [
      0.655682,
      "\""
    ],
    [
      0.896172,
      "%"
    ],
    [
      1.128356,
      "q"
    ],
    [
      0.679571,
      "\\"
    ],
    [
      0.455943,
      "n"
    ],
    [
      1.175742,
      "\""
    ],
    [
      0.911704,
      " "
    ],
    [
      0.696071,
      "\""
    ],
    [
      0.969894,
      "$"
    ],
    [
      0.430054,
      "P"
    ],
    [
      0.640547,
      "S"
    ],
    [
      0.727959,
      "1"
    ],
    [
      0.559924,
      "\""
    ],
    [
      0.927387,
      "\r\n"
    ],
    [
      0.000148,
      "$'\\\\[\\E[31m\\E[1m\\\\]Hulk MAD!\\\\[\\E(B\\E[m\\\\]\\\\[\\E[38;5;202m\\\\]✶\\\\[\\E(B\\E[m\\\\]  '\r\n"
    ],
    [
      0.002617,
      "\u001b[31m\u001b[1mHulk MAD!\u001b(B\u001b[m\u001b[38;5;202m✶\u001b(B\u001b[m  "
    ],
    [
      4.173469,
      "e"
    ],
    [
      0.296104,
      "c"
    ],
    [
      0.167778,
      "h"
    ],
    [
      0.168177,
      "o"
    ],
    [
      0.295676,
      " "
    ],
    [
      0.544275,
      "$"
    ],
    [
      0.455904,
      "P"
    ],
    [
      0.647741,
      "S"
    ],
    [
      0.648255,
      "2"
    ],
    [
      0.895565,
      "\r\n"
    ],
    [
      0.000124,
      ">\r\n"
    ],
    [
      0.000736,
      "\u001b[31m\u001b[1mHulk MAD!\u001b(B\u001b[m\u001b[38;5;202m✶\u001b(B\u001b[m  "
    ],
    [
      1.46303,
      "\\"
    ],
    [
      0.576453,
      "\r\n"
    ],
    [
      0.000107,
      "> "
    ],
    [
      0.575875,
      "\r\n"
    ],
    [
      0.00301,
      "\u001b[31m\u001b[1mHulk MAD!\u001b(B\u001b[m\u001b[38;5;202m✶\u001b(B\u001b[m  "
    ],
    [
      1.708829,
      "\\"
    ],
    [
      0.535711,
      "\r\n"
    ],
    [
      8.6e-05,
      "> "
    ],
    [
      1.000022,
      "\\"
    ],
    [
      0.34437,
      "\r\n"
    ],
    [
      0.000104,
      "> "
    ],
    [
      0.535344,
      "\\"
    ],
    [
      0.408426,
      "\r\n"
    ],
    [
      5.4e-05,
      "> "
    ],
    [
      0.423426,
      "\\"
    ],
    [
      0.376464,
      "\r\n"
    ],
    [
      0.000116,
      "> "
    ]
  ]
}