{
  "version": 1,
  "width": 80,
  "height": 25,
  "duration": 30.451946,
  "command": null,
  "title": null,
  "env": {
    "TERM": "xterm-256color",
    "SHELL": "/usr/local/bin/bash"
  },
  "stdout": [
    [
      1.266531,
      "\u001b[92m\u001b[1mHulk Bash!\u001b(B\u001b[m\u001b[38;5;202m✶\u001b(B\u001b[m  "
    ],
    [
      0.646248,
      "s"
    ],
    [
      0.136615,
      "h"
    ],
    [
      0.175268,
      "o"
    ],
    [
      0.12796,
      "p"
    ],
    [
      0.184195,
      "t"
    ],
    [
      0.224287,
      " "
    ],
    [
      0.231708,
      "-"
    ],
    [
      0.592001,
      "q"
    ],
    [
      0.415805,
      " "
    ],
    [
      0.16042,
      "l"
    ],
    [
      0.175802,
      "o"
    ],
    [
      0.087853,
      "g"
    ],
    [
      0.16018,
      "i"
    ],
    [
      0.080107,
      "n"
    ],
    [
      0.391798,
      "_"
    ],
    [
      0.232008,
      "s"
    ],
    [
      0.376037,
      "h"
    ],
    [
      0.184186,
      "e"
    ],
    [
      0.167793,
      "l"
    ],
    [
      0.200045,
      "l"
    ],
    [
      0.167911,
      " "
    ],
    [
      0.352217,
      "&"
    ],
    [
      0.200095,
      "&"
    ],
    [
      0.21582,
      " "
    ],
    [
      0.215774,
      "e"
    ],
    [
      0.256011,
      "c"
    ],
    [
      0.143897,
      "h"
    ],
    [
      0.15199,
      "o"
    ],
    [
      0.51205,
      " "
    ],
    [
      0.632243,
      "\""
    ],
    [
      0.51193,
      "l"
    ],
    [
      0.391749,
      "o"
    ],
    [
      0.215982,
      "g"
    ],
    [
      0.144167,
      "i"
    ],
    [
      0.079895,
      "n"
    ],
    [
      0.208418,
      " "
    ],
    [
      0.159291,
      "s"
    ],
    [
      0.10405,
      "h"
    ],
    [
      0.127863,
      "e"
    ],
    [
      0.136244,
      "l"
    ],
    [
      0.175857,
      "l"
    ],
    [
      0.279959,
      "\""
    ],
    [
      0.368051,
      "\r\n"
    ],
    [
      0.000101,
      "login shell\r\n"
    ],
    [
      0.000486,
      "\u001b[92m\u001b[1mHulk Bash!\u001b(B\u001b[m\u001b[38;5;202m✶\u001b(B\u001b[m  "
    ],
    [
      3.255618,
      "["
    ],
    [
      0.192375,
      "["
    ],
    [
      0.831419,
      " "
    ],
    [
      0.551788,
      "$"
    ],
    [
      0.512411,
      "-"
    ],
    [
      0.704146,
      " "
    ],
    [
      0.927799,
      "="
    ],
    [
      0.207753,
      "="
    ],
    [
      0.655946,
      " "
    ],
    [
      0.392398,
      "*"
    ],
    [
      0.567851,
      "i"
    ],
    [
      0.367752,
      "*"
    ],
    [
      0.48073,
      " "
    ],
    [
      0.295789,
      "]"
    ],
    [
      0.183436,
      "]"
    ],
    [
      0.69605,
      " "
    ],
    [
      1.656188,
      "&"
    ],
    [
      0.16802,
      "&"
    ],
    [
      0.199796,
      " "
    ],
    [
      0.151839,
      "e"
    ],
    [
      0.200678,
      "c"
    ],
    [
      0.079521,
      "h"
    ],
    [
      0.135926,
      "o"
    ],
    [
      0.319633,
      " "
    ],
    [
      1.048141,
      "\""
    ],
    [
      0.41584,
      "i"
    ],
    [
      0.144354,
      "n"
    ],
    [
      0.103571,
      "t"
    ],
    [
      0.112146,
      "e"
    ],
    [
      0.08904,
      "r"
    ],
    [
      0.207074,
      "a"
    ],
    [
      0.207732,
      "c"
    ],
    [
      0.168482,
      "t"
    ],
    [
      0.135718,
      "i"
    ],
    [
      0.128206,
      "v"
    ],
    [
      0.128021,
      "e"
    ],
    [
      0.560386,
      " "
    ],
    [
      0.143922,
      "s"
    ],
    [
      0.095523,
      "h"
    ],
    [
      0.095913,
      "e"
    ],
    [
      0.120201,
      "l"
    ],
    [
      0.175636,
      "l"
    ],
    [
      0.264301,
      "\""
    ],
    [
      0.399957,
      "\r\n"
    ],
    [
      0.000118,
      "interactive shell\r\n"
    ],
    [
      0.002602,
      "\u001b[92m\u001b[1mHulk Bash!\u001b(B\u001b[m\u001b[38;5;202m✶\u001b(B\u001b[m  "
    ]
  ]
}