{
  "version": 1,
  "width": 80,
  "height": 25,
  "duration": 24.534119,
  "command": null,
  "title": null,
  "env": {
    "TERM": "xterm-256color",
    "SHELL": "/usr/local/bin/bash"
  },
  "stdout": [
    [
      1.167932,
      "\u001b[92m\u001b[1mHulk Bash!\u001b(B\u001b[m\u001b[38;5;202m✶\u001b(B\u001b[m  "
    ],
    [
      0.806659,
      "l"
    ],
    [
      0.127921,
      "s"
    ],
    [
      0.159306,
      " "
    ],
    [
      0.399895,
      "/"
    ],
    [
      0.17616,
      "d"
    ],
    [
      0.175867,
      "e"
    ],
    [
      0.135882,
      "v"
    ],
    [
      0.312176,
      " "
    ],
    [
      0.440003,
      "|"
    ],
    [
      0.263835,
      " "
    ],
    [
      0.087943,
      "g"
    ],
    [
      0.208931,
      "r"
    ],
    [
      0.0554,
      "e"
    ],
    [
      0.192197,
      "p"
    ],
    [
      0.231891,
      " "
    ],
    [
      0.17611,
      "s"
    ],
    [
      0.192019,
      "t"
    ],
    [
      0.207928,
      "d"
    ],
    [
      0.927873,
      "\r\n"
    ],
    [
      0.008342,
      "stderr\r\nstdin\r\nstdout\r\n"
    ],
    [
      0.003278,
      "\u001b[92m\u001b[1mHulk Bash!\u001b(B\u001b[m\u001b[38;5;202m✶\u001b(B\u001b[m  "
    ],
    [
      2.284728,
      "l"
    ],
    [
      0.175421,
      "s"
    ],
    [
      0.400153,
      " "
    ],
    [
      0.312008,
      "-"
    ],
    [
      0.128472,
      "a"
    ],
    [
      0.383657,
      "l"
    ],
    [
      1.175484,
      " "
    ],
    [
      0.672295,
      "/"
    ],
    [
      0.247931,
      "d"
    ],
    [
      0.175815,
      "e"
    ],
    [
      0.135778,
      "v"
    ],
    [
      0.144391,
      " "
    ],
    [
      0.272018,
      "|"
    ],
    [
      0.152092,
      " "
    ],
    [
      0.335554,
      "g"
    ],
    [
      0.20807,
      "r"
    ],
    [
      0.047967,
      "e"
    ],
    [
      0.1441,
      "p"
    ],
    [
      0.120127,
      " "
    ],
    [
      0.112111,
      "s"
    ],
    [
      0.167462,
      "t"
    ],
    [
      0.20035,
      "d"
    ],
    [
      0.248095,
      "\r\n"
    ],
    [
      0.013372,
      "lr-xr-xr-x   1 root     wheel                 0 May 26 08:53 stderr -> fd/2\r\nlr-xr-xr-x   1 root     wheel                 0 May 26 08:53 stdin -> fd/0\r\nlr-xr-xr-x   1 root     wheel                 0 May 26 08:53 stdout -> fd/1\r\n"
    ],
    [
      0.003539,
      "\u001b[92m\u001b[1mHulk Bash!\u001b(B\u001b[m\u001b[38;5;202m✶\u001b(B\u001b[m  "
    ],
    [
      2.830866,
      "l"
    ],
    [
      0.312188,
      "s"
    ],
    [
      0.199919,
      "o"
    ],
    [
      0.151666,
      "f"
    ],
    [
      0.17004,
      " "
    ],
    [
      0.366162,
      "-"
    ],
    [
      0.168633,
      "a"
    ],
    [
      0.1355,
      "p"
    ],
    [
      0.831528,
      " "
    ],
    [
      0.656464,
      "$"
    ],
    [
      0.191967,
      "$"
    ],
    [
      0.552041,
      " "
    ],
    [
      0.39188,
      "-"
    ],
    [
      0.37604,
      "d"
    ],
    [
      0.511901,
      "0"
    ],
    [
      0.600084,
      ",1"
    ],
    [
      0.711953,
      ",2"
    ],
    [
      0.639938,
      "\r\n"
    ],
    [
      0.012564,
      "COMMAND   PID    USER   FD   TYPE DEVICE SIZE/OFF NODE NAME\r\nbash    69952 johnloy    0u   CHR   16,9    0t512 1305 /dev/ttys009\r\nbash    69952 johnloy    1u   CHR   16,9    0t512 1305 /dev/ttys009\r\nbash    69952 johnloy    2u   CHR   16,9    0t512 1305 /dev/ttys009\r\n"
    ],
    [
      0.003083,
      "\u001b[92m\u001b[1mHulk Bash!\u001b(B\u001b[m\u001b[38;5;202m✶\u001b(B\u001b[m  "
    ]
  ]
}