{
  "version": 1,
  "width": 80,
  "height": 25,
  "duration": 33.830022,
  "command": null,
  "title": null,
  "env": {
    "TERM": "xterm-256color",
    "SHELL": "/usr/local/bin/bash"
  },
  "stdout": [
    [
      1.223116,
      "\u001b[92m\u001b[1mHulk Bash!\u001b(B\u001b[m\u001b[38;5;202m✶\u001b(B\u001b[m  "
    ],
    [
      0.627265,
      "e"
    ],
    [
      0.256187,
      "c"
    ],
    [
      0.119682,
      "h"
    ],
    [
      0.096332,
      "o"
    ],
    [
      0.272003,
      " "
    ],
    [
      0.367481,
      "$"
    ],
    [
      0.272544,
      "B"
    ],
    [
      0.135718,
      "A"
    ],
    [
      0.208757,
      "S"
    ],
    [
      0.439663,
      "H"
    ],
    [
      0.479684,
      "_"
    ],
    [
      0.386961,
      "S"
    ],
    [
      0.293138,
      "U"
    ],
    [
      0.359585,
      "B"
    ],
    [
      0.312081,
      "S"
    ],
    [
      0.367721,
      "H"
    ],
    [
      0.456273,
      "E"
    ],
    [
      0.432025,
      "L"
    ],
    [
      0.256137,
      "L"
    ],
    [
      0.31204,
      "\r\n"
    ],
    [
      0.000117,
      "0\r\n"
    ],
    [
      0.000742,
      "\u001b[92m\u001b[1mHulk Bash!\u001b(B\u001b[m\u001b[38;5;202m✶\u001b(B\u001b[m  "
    ],
    [
      0.815017,
      "e"
    ],
    [
      0.200017,
      "c"
    ],
    [
      0.103842,
      "h"
    ],
    [
      0.096105,
      "o"
    ],
    [
      0.287952,
      " "
    ],
    [
      1.00784,
      "$"
    ],
    [
      0.344233,
      "S"
    ],
    [
      0.344115,
      "H"
    ],
    [
      0.199529,
      "L"
    ],
    [
      0.383777,
      "V"
    ],
    [
      0.368462,
      "L"
    ],
    [
      0.520021,
      "\r\n"
    ],
    [
      0.00011,
      "3\r\n"
    ],
    [
      0.002319,
      "\u001b[92m\u001b[1mHulk Bash!\u001b(B\u001b[m\u001b[38;5;202m✶\u001b(B\u001b[m  "
    ],
    [
      2.405111,
      "b"
    ],
    [
      0.135969,
      "a"
    ],
    [
      0.168477,
      "s"
    ],
    [
      0.095721,
      "h"
    ],
    [
      0.264245,
      "\r\n"
    ],
    [
      1.175436,
      "\u001b[92m\u001b[1mHulk Bash!\u001b(B\u001b[m\u001b[38;5;202m✶\u001b(B\u001b[m  "
    ],
    [
      0.528204,
      "b"
    ],
    [
      0.159889,
      "a"
    ],
    [
      0.167938,
      "s"
    ],
    [
      0.104241,
      "h"
    ],
    [
      0.256277,
      "\r\n"
    ],
    [
      1.18065,
      "\u001b[92m\u001b[1mHulk Bash!\u001b(B\u001b[m\u001b[38;5;202m✶\u001b(B\u001b[m  "
    ],
    [
      0.930652,
      "e"
    ],
    [
      0.232163,
      "c"
    ],
    [
      0.248377,
      "h"
    ],
    [
      0.18408,
      "o"
    ],
    [
      0.287609,
      " "
    ],
    [
      0.41601,
      "$"
    ],
    [
      0.423944,
      "B"
    ],
    [
      0.169452,
      "A"
    ],
    [
      0.167012,
      "S"
    ],
    [
      0.383858,
      "H"
    ],
    [
      0.271728,
      "_"
    ],
    [
      0.439901,
      "S"
    ],
    [
      0.263696,
      "U"
    ],
    [
      0.344038,
      "B"
    ],
    [
      0.383836,
      "S"
    ],
    [
      0.376533,
      "H"
    ],
    [
      0.264526,
      "E"
    ],
    [
      0.327239,
      "L"
    ],
    [
      0.199943,
      "L"
    ],
    [
      0.432074,
      "\r\n"
    ],
    [
      0.000119,
      "0\r\n"
    ],
    [
      0.002471,
      "\u001b[92m\u001b[1mHulk Bash!\u001b(B\u001b[m\u001b[38;5;202m✶\u001b(B\u001b[m  "
    ],
    [
      1.445626,
      "e"
    ],
    [
      0.183777,
      "c"
    ],
    [
      0.127964,
      "h"
    ],
    [
      0.048039,
      "o"
    ],
    [
      0.199918,
      " "
    ],
    [
      0.343956,
      "$"
    ],
    [
      0.25607,
      "S"
    ],
    [
      0.408248,
      "H"
    ],
    [
      0.25594,
      "L"
    ],
    [
      0.439821,
      "V"
    ],
    [
      0.455806,
      "L"
    ],
    [
      0.504342,
      "\r\n"
    ],
    [
      0.000113,
      "5\r\n"
    ],
    [
      0.002464,
      "\u001b[92m\u001b[1mHulk Bash!\u001b(B\u001b[m\u001b[38;5;202m✶\u001b(B\u001b[m  "
    ],
    [
      2.701325,
      "exit\r\n"
    ],
    [
      0.002204,
      "\u001b[92m\u001b[1mHulk Bash!\u001b(B\u001b[m\u001b[38;5;202m✶\u001b(B\u001b[m  "
    ],
    [
      0.709394,
      "exit\r\n"
    ],
    [
      0.003716,
      "\u001b[92m\u001b[1mHulk Bash!\u001b(B\u001b[m\u001b[38;5;202m✶\u001b(B\u001b[m  "
    ]
  ]
}