{
  "version": 1,
  "width": 80,
  "height": 25,
  "duration": 56.367851,
  "command": null,
  "title": null,
  "env": {
    "TERM": "xterm-256color",
    "SHELL": "/usr/local/bin/bash"
  },
  "stdout": [
    [
      1.196233,
      "\u001b[92m\u001b[1mHulk Bash!\u001b(B\u001b[m\u001b[38;5;202m✶\u001b(B\u001b[m  "
    ],
    [
      0.650917,
      "e"
    ],
    [
      0.280029,
      "c"
    ],
    [
      0.191531,
      "h"
    ],
    [
      0.048181,
      "o"
    ],
    [
      0.199945,
      " "
    ],
    [
      0.288153,
      "\""
    ],
    [
      0.351476,
      "s"
    ],
    [
      0.184151,
      "e"
    ],
    [
      0.224762,
      "t"
    ],
    [
      0.183538,
      " "
    ],
    [
      0.144131,
      "s"
    ],
    [
      0.079629,
      "h"
    ],
    [
      0.096231,
      "o"
    ],
    [
      0.13584,
      "w"
    ],
    [
      0.312026,
      " "
    ],
    [
      0.504063,
      "\b\u001b[K"
    ],
    [
      0.272054,
      "-"
    ],
    [
      0.207795,
      "a"
    ],
    [
      0.128226,
      "l"
    ],
    [
      0.176303,
      "l"
    ],
    [
      0.199707,
      "-"
    ],
    [
      0.200651,
      "i"
    ],
    [
      0.111338,
      "f"
    ],
    [
      0.16,
      "-"
    ],
    [
      0.176107,
      "a"
    ],
    [
      0.128113,
      "m"
    ],
    [
      0.191921,
      "b"
    ],
    [
      0.167935,
      "i"
    ],
    [
      0.327473,
      "g"
    ],
    [
      0.992123,
      "u"
    ],
    [
      0.296291,
      "o"
    ],
    [
      0.23947,
      "u"
    ],
    [
      0.304295,
      "s"
    ],
    [
      0.80771,
      " "
    ],
    [
      0.152432,
      "o"
    ],
    [
      0.135609,
      "n"
    ],
    [
      0.807958,
      "\""
    ],
    [
      0.519951,
      " "
    ],
    [
      0.304078,
      ">"
    ],
    [
      0.208442,
      ">"
    ],
    [
      0.351713,
      " "
    ],
    [
      0.456303,
      "~"
    ],
    [
      0.295537,
      "/"
    ],
    [
      0.272765,
      "."
    ],
    [
      0.303099,
      "i"
    ],
    [
      0.080583,
      "n"
    ],
    [
      0.183718,
      "p"
    ],
    [
      0.112281,
      "u"
    ],
    [
      0.183829,
      "t"
    ],
    [
      0.399939,
      "r"
    ],
    [
      0.415878,
      "c"
    ],
    [
      1.287967,
      "\r\n"
    ],
    [
      0.002218,
      "\u001b[92m\u001b[1mHulk Bash!\u001b(B\u001b[m\u001b[38;5;202m✶\u001b(B\u001b[m  "
    ],
    [
      2.261589,
      "z"
    ],
    [
      1.25116,
      "\r\n\u001b[01;35mz\u001b[0m\u001b[Kcat            \u001b[01;35mz\u001b[0m\u001b[Kforce          \u001b[01;35mz\u001b[0m\u001b[Kipdetails5.16  \u001b[01;35mz\u001b[0m\u001b[Kless\r\n"
    ],
    [
      2.5e-05,
      "\u001b[01;35mz\u001b[0m\u001b[Kcmp            \u001b[01;35mz\u001b[0m\u001b[Kgrep           \u001b[01;35mz\u001b[0m\u001b[Kipdetails5.18  \u001b[01;35mz\u001b[0m\u001b[Kmore\r\n\u001b[01;35mz\u001b[0m\u001b[Kdiff           \u001b[01;35mz\u001b[0m\u001b[Kic             \u001b[01;35mz\u001b[0m\u001b[Kipgrep         \u001b[01;35mz\u001b[0m\u001b[Knew\r\n\u001b[01;35mz\u001b[0m\u001b[Kdump           \u001b[01;35mz\u001b[0m\u001b[Kip             \u001b[01;35mz\u001b[0m\u001b[Kipinfo         \u001b[01;35mz\u001b[0m\u001b[Kprint\r\n"
    ],
    [
      1.2e-05,
      "\u001b[01;35mz\u001b[0m\u001b[Kegrep          \u001b[01;35mz\u001b[0m\u001b[Kipcloak        \u001b[01;35mz\u001b[0m\u001b[Kipnote         \u001b[01;35mz\u001b[0m\u001b[Ksh\r\n"
    ],
    [
      1.8e-05,
      "\u001b[01;35mz\u001b[0m\u001b[Kfgrep          \u001b[01;35mz\u001b[0m\u001b[Kipdetails      \u001b[01;35mz\u001b[0m\u001b[Kipsplit        \r\n"
    ],
    [
      2.7e-05,
      "\u001b[92m\u001b[1mHulk Bash!\u001b(B\u001b[m\u001b[38;5;202m✶\u001b(B\u001b[m  z"
    ],
    [
      1.404783,
      "\b\u001b[K"
    ],
    [
      1.727928,
      "l"
    ],
    [
      0.335754,
      "s"
    ],
    [
      0.2643,
      " "
    ],
    [
      0.895722,
      "\r\n.DS_Store                    my-iterm/\r\nThe-Web-SDK/                 my-node/\r\nautocrat-state-machine-demo/ my-perl/\r\nmy-ansible/                  my-rerun/\r\n"
    ],
    [
      3.3e-05,
      "my-app/                      my-ruby/\r\nmy-bash/                     my-self/\r\nmy-bin/                      my-sh/\r\nmy-brews/                    my-todos/\r\nmy-dotfiles/                 my-vim/\r\nmy-env/                      old-my-envs/\r\nmy-git/                      pres-hulk-bash/\r\nmy-hosts/                    website2017/\r\n\u001b[92m\u001b[1mHulk Bash!\u001b(B\u001b[m\u001b[38;5;202m✶\u001b(B\u001b[m  ls "
    ],
    [
      2.447729,
      "\b\u001b[K"
    ],
    [
      0.252084,
      "\b\u001b[K"
    ],
    [
      0.036603,
      "\b\u001b[K"
    ],
    [
      0.038307,
      "\u0007"
    ],
    [
      0.035678,
      "\u0007"
    ],
    [
      0.049327,
      "\u0007"
    ],
    [
      1.540535,
      "c"
    ],
    [
      0.255235,
      "d"
    ],
    [
      0.200125,
      " "
    ],
    [
      0.765333,
      "\r\nThe-Web-SDK/                 my-node/\r\nautocrat-state-machine-demo/ my-perl/\r\nmy-ansible/                  my-rerun/\r\nmy-app/                      my-ruby/\r\nmy-bash/                     my-self/\r\nmy-bin/                      my-sh/\r\n"
    ],
    [
      3.2e-05,
      "my-brews/                    my-todos/\r\nmy-dotfiles/                 my-vim/\r\nmy-env/                      old-my-envs/\r\nmy-git/                      pres-hulk-bash/\r\nmy-hosts/                    website2017/\r\nmy-iterm/                    \r\n\u001b[92m\u001b[1mHulk Bash!\u001b(B\u001b[m\u001b[38;5;202m✶\u001b(B\u001b[m  cd "
    ],
    [
      1.586802,
      "\b\u001b[K"
    ],
    [
      0.271738,
      "\b\u001b[K"
    ],
    [
      0.264081,
      "\b\u001b[K"
    ],
    [
      3.312053,
      "$"
    ],
    [
      0.928461,
      "\r\nDisplay all 114 possibilities? (y or n)"
    ],
    [
      0.919597,
      "\r\n\u001b[01;35m$\u001b[0m\u001b[KASCIINEMA_REC                        \u001b[01;35m$\u001b[0m\u001b[KPERL_LOCAL_LIB_ROOT\r\n\u001b[01;35m$\u001b[0m\u001b[KApple_PubSub_Socket_Render           \u001b[01;35m$\u001b[0m\u001b[KPERL_MB_OPT\r\n\u001b[01;35m$\u001b[0m\u001b[KBASH                                 \u001b[01;35m$\u001b[0m\u001b[KPERL_MM_OPT\r\n\u001b[01;35m$\u001b[0m\u001b[KBASHOPTS                             \u001b[01;35m$\u001b[0m\u001b[KPIPESTATUS\r\n\u001b[01;35m$\u001b[0m\u001b[KBASHPID                              \u001b[01;35m$\u001b[0m\u001b[KPPID\r\n\u001b[01;35m$\u001b[0m\u001b[KBASH_ALIASES                         \u001b[01;35m$\u001b[0m\u001b[KPROMPT_COMMAND\r\n"
    ],
    [
      4e-05,
