{
  "version": 1,
  "width": 81,
  "height": 25,
  "duration": 5.041732,
  "command": null,
  "title": null,
  "env": {
    "TERM": "xterm-256color",
    "SHELL": "/usr/local/bin/bash"
  },
  "stdout": [
    [
      1.324671,
      "\u001b[92m\u001b[1mHulk Bash!\u001b(B\u001b[m\u001b[38;5;202m✶\u001b(B\u001b[m  "
    ],
    [
      0.56952,
      "e"
    ],
    [
      0.312276,
      "c"
    ],
    [
      0.199939,
      "h"
    ],
    [
      0.200279,
      "o"
    ],
    [
      0.255586,
      " "
    ],
    [
      0.583554,
      "$"
    ],
    [
      0.29636,
      "T"
    ],
    [
      0.19988,
      "E"
    ],
    [
      0.09623,
      "R"
    ],
    [
      0.488086,
      "M"
    ],
    [
      0.511894,
      "\r\n"
    ],
    [
      0.000105,
      "xterm-256color\r\n"
    ],
    [
      0.002145,
      "\u001b[92m\u001b[1mHulk Bash!\u001b(B\u001b[m\u001b[38;5;202m✶\u001b(B\u001b[m  "
    ]
  ]
}