{
  "version": 1,
  "width": 81,
  "height": 25,
  "duration": 23.891178,
  "command": null,
  "title": null,
  "env": {
    "TERM": "xterm-256color",
    "SHELL": "/usr/local/bin/bash"
  },
  "stdout": [
    [
      1.139312,
      "\u001b[92m\u001b[1mHulk Bash!\u001b(B\u001b[m\u001b[38;5;202m✶\u001b(B\u001b[m  "
    ],
    [
      1.044826,
      "i"
    ],
    [
      0.368133,
      "n"
    ],
    [
      0.727704,
      "f"
    ],
    [
      0.224181,
      "o"
    ],
    [
      0.303419,
      "c"
    ],
    [
      0.407911,
      "m"
    ],
    [
      0.440097,
      "p"
    ],
    [
      0.624278,
      " "
    ],
    [
      0.359828,
      "-"
    ],
    [
      0.272847,
      "1"
    ],
    [
      0.518984,
      " "
    ],
    [
      0.408008,
      "|"
    ],
    [
      0.312073,
      " "
    ],
    [
      0.1361,
      "g"
    ],
    [
      0.183979,
      "r"
    ],
    [
      0.072064,
      "e"
    ],
    [
      0.144022,
      "p"
    ],
    [
      0.327862,
      " "
    ],
    [
      0.496139,
      "\""
    ],
    [
      0.415866,
      "\\"
    ],
    [
      0.48766,
      "E"
    ],
    [
      0.464304,
      "\""
    ],
    [
      0.43211,
      " "
    ],
    [
      0.336369,
      "|"
    ],
    [
      0.199594,
      " "
    ],
    [
      0.167802,
      "l"
    ],
    [
      0.128202,
      "e"
    ],
    [
      0.215878,
      "s"
    ],
    [
      0.191927,
      "s"
    ],
    [
      0.880126,
      "\r\n"
    ],
    [
      0.006215,
      "\u001b[?1049h\u001b[?1h\u001b=\r"
    ],
    [
      9.3e-05,
      "        blink=\\E[5m,\r\n        bold=\\E[1m,\r\n        cbt=\\E[Z,\r\n        civis=\\E[?25l,\r\n        clear=\\E[H\\E[2J,\r\n        cnorm=\\E[?12l\\E[?25h,\r\n        csr=\\E[%i%p1%d;%p2%dr,\r\n        cub=\\E[%p1%dD,\r\n        cud=\\E[%p1%dB,\r\n        cuf=\\E[%p1%dC,\r\n        cuf1=\\E[C,\r\n        cup=\\E[%i%p1%d;%p2%dH,\r\n        cuu=\\E[%p1%dA,\r\n        cuu1=\\E[A,\r\n        cvvis=\\E[?12;25h,\r\n        dch=\\E[%p1%dP,\r\n        dch1=\\E[P,\r\n        dl=\\E[%p1%dM,\r\n        dl1=\\E[M,\r\n        ech=\\E[%p1%dX,\r\n        ed=\\E[J,\r\n        el=\\E[K,\r\n        el1=\\E[1K,\r\n        flash=\\E[?5h$<100/>\\E[?5l,\r\n:\u001b[K"
    ],
    [
      4.361096,
      "\r\u001b[K        home=\\E[H,\r\n:\u001b[K"
    ],
    [
      0.448155,
      "\r\u001b[K        hpa=\\E[%i%p1%dG,\r\n:\u001b[K"
    ],
    [
      0.304186,
      "\r\u001b[K        hts=\\EH,\r\n:\u001b[K"
    ],
    [
      0.287905,
      "\r\u001b[K        ich=\\E[%p1%d@,\r\n:\u001b[K"
    ],
    [
      0.255819,
      "\r\u001b[K        il=\\E[%p1%dL,\r\n:\u001b[K"
    ],
    [
      0.28007,
      "\r\u001b[K        il1=\\E[L,\r\n:\u001b[K"
    ],
    [
      0.264053,
      "\r\u001b[K        indn=\\E[%p1%dS,\r\n:\u001b[K"
    ],
    [
      0.367649,
      "\r\u001b[K        initc=\\E]4;%p1%d;rgb\\:%p2%{255}%*%{1000}%/%2.2X/%p3%{255}%*%{1000}%/%2.2X/%p4%{255}%*%{1000}%/%2.2X\\E\\\\,\r\n:\u001b[K"
    ],
    [
      0.312374,
      "\r\u001b[K        invis=\\E[8m,\r\n:\u001b[K"
    ],
    [
      0.263882,
      "\r\u001b[K        is2=\\E[!p\\E[?3;4l\\E[4l\\E>,\r\n:\u001b[K"
    ],
    [
      0.256371,
      "\r\u001b[K        kDC=\\E[3;2~,\r\n:\u001b[K"
    ],
    [
      0.239617,
      "\r\u001b[K        kEND=\\E[1;2F,\r\n:\u001b[K"
    ],
    [
      0.224217,
      "\r\u001b[K        kHOM=\\E[1;2H,\r\n:\u001b[K"
    ],
    [
      0.287518,
      "\r\u001b[K        kIC=\\E[2;2~,\r\n:\u001b[K"
    ],
    [
      0.248204,
      "\r\u001b[K        kLFT=\\E[1;2D,\r\n:\u001b[K"
    ],
    [
      0.344074,
      "\r\u001b[K        kNXT=\\E[6;2~,\r\n:\u001b[K"
    ],
    [
      0.264389,
      "\r\u001b[K        kPRV=\\E[5;2~,\r\n:\u001b[K"
    ],
    [
      0.247665,
      "\r\u001b[K        kRIT=\\E[1;2C,\r\n:\u001b[K"
    ],
    [
      0.295885,
      "\r\u001b[K        kb2=\\EOE,\r\n:\u001b[K"
    ],
    [
      0.287958,
      "\r\u001b[K        kcbt=\\E[Z,\r\n:\u001b[K"
    ],
    [
      0.256201,
      "\r\u001b[K        kcub1=\\EOD,\r\n:\u001b[K"
    ],
    [
      0.39145,
      "\r\u001b[K"
    ],
    [
      4.1e-05,
      "        kcud1=\\EOB,\r\n:\u001b[K"
    ],
    [
      0.320623,
      "\r\u001b[K        kcuf1=\\EOC,\r\n:\u001b[K"
    ],
    [
      0.639632,
      "\r\u001b[K\u001b[?1l\u001b>\u001b[?1049l"
    ],
    [
      0.002942,
      "\u001b[92m\u001b[1mHulk Bash!\u001b(B\u001b[m\u001b[38;5;202m✶\u001b(B\u001b[m  "
    ]
  ]
}