{
  "version": 1,
  "width": 81,
  "height": 25,
  "duration": 28.267372,
  "command": null,
  "title": null,
  "env": {
    "TERM": "xterm-256color",
    "SHELL": "/usr/local/bin/bash"
  },
  "stdout": [
    [
      1.365127,
      "\u001b[92m\u001b[1mHulk Bash!\u001b(B\u001b[m\u001b[38;5;202m✶\u001b(B\u001b[m  "
    ],
    [
      0.79729,
      "t"
    ],
    [
      0.207167,
      "t"
    ],
    [
      0.311979,
      "y"
    ],
    [
      0.296226,
      "\r\n"
    ],
    [
      0.010178,
      "/dev/ttys008\r\n"
    ],
    [
      0.001,
      "\u001b[92m\u001b[1mHulk Bash!\u001b(B\u001b[m\u001b[38;5;202m✶\u001b(B\u001b[m  "
    ],
    [
      3.660438,
      "c"
    ],
    [
      0.504225,
      "a"
    ],
    [
      0.263981,
      "t"
    ],
    [
      0.255663,
      " "
    ],
    [
      0.776301,
      "$"
    ],
    [
      0.431975,
      "("
    ],
    [
      0.295832,
      "t"
    ],
    [
      0.183899,
      "t"
    ],
    [
      0.184295,
      "y"
    ],
    [
      0.367843,
      ")"
    ],
    [
      1.000134,
      "\r\n"
    ],
    [
      1.871529,
      "H"
    ],
    [
      0.199725,
      "e"
    ],
    [
      0.152289,
      "l"
    ],
    [
      0.15983,
      "l"
    ],
    [
      0.207987,
      "o"
    ],
    [
      0.440025,
      "\r\n"
    ],
    [
      3.1e-05,
      "Hello\r\n"
    ],
    [
      1.951777,
      "B"
    ],
    [
      0.176258,
      "o"
    ],
    [
      0.119861,
      "n"
    ],
    [
      0.224446,
      "j"
    ],
    [
      0.159738,
      "o"
    ],
    [
      0.119751,
      "u"
    ],
    [
      0.152338,
      "r"
    ],
    [
      0.28759,
      "\r\nBonjour\r\n"
    ],
    [
      0.776524,
      "H"
    ],
    [
      0.26434,
      "o"
    ],
    [
      0.247593,
      "l"
    ],
    [
      0.216151,
      "a"
    ],
    [
      0.391467,
      "\r\n"
    ],
    [
      1.7e-05,
      "Hola\r\n"
    ],
    [
      0.679857,
      "N"
    ],
    [
      0.264759,
      "a"
    ],
    [
      0.191835,
      "m"
    ],
    [
      0.367636,
      "a"
    ],
    [
      0.336191,
      "s"
    ],
    [
      0.223975,
      "t"
    ],
    [
      0.167939,
      "e"
    ],
    [
      0.83174,
      "\r\nNamaste\r\n"
    ],
    [
      0.999839,
      "B"
    ],
    [
      0.303824,
      "y"
    ],
    [
      0.191987,
      "e"
    ],
    [
      0.832149,
      "!"
    ],
    [
      1.304084,
      "^D\b\b"
    ],
    [
      2.2e-05,
      "Bye!"
    ],
    [
      1.168332,
      "\r\n\r\n"
    ],
    [
      1.367448,
      "^C"
    ],
    [
      0.000385,
      "\r\n"
    ],
    [
      0.001085,
      "\u001b[92m\u001b[1mHulk Bash!\u001b(B\u001b[m\u001b[38;5;202m✶\u001b(B\u001b[m  "
    ]
  ]
}